,GeneID,logfc_Native_CM,logfc_Early_hipsc_CM,description
168,TRDN-AS1,6.2603917,-5.6597643,TRDN antisense RNA 1 [Source:HGNC Symbol;Acc:HGNC:40592]
10,NRAP,9.315567,-3.1863418,nebulin related anchoring protein [Source:HGNC Symbol;Acc:HGNC:7988]
126,CASQ2,6.7107887,-4.3837967,calsequestrin 2 [Source:HGNC Symbol;Acc:HGNC:1513]
226,MYPN,5.878676,-4.8381076,myopalladin [Source:HGNC Symbol;Acc:HGNC:23246]
179,ASB11,6.1972938,-4.3557086,ankyrin repeat and SOCS box containing 11 [Source:HGNC Symbol;Acc:HGNC:17186]
244,MLIP,5.7288966,-4.6868505,muscular LMNA interacting protein [Source:HGNC Symbol;Acc:HGNC:21355]
87,ASB10,7.1034536,-3.7035046,ankyrin repeat and SOCS box containing 10 [Source:HGNC Symbol;Acc:HGNC:17185]
9,XIRP2,9.382089,-2.7995846,xin actin binding repeat containing 2 [Source:HGNC Symbol;Acc:HGNC:14303]
72,CAV3,7.2872972,-3.37127,caveolin 3 [Source:HGNC Symbol;Acc:HGNC:1529]
1106,MYL2,2.928929,-8.349191,myosin light chain 2 [Source:HGNC Symbol;Acc:HGNC:7583]
386,ART3,5.0630407,-4.7818155,ADP-ribosyltransferase 3 (inactive) [Source:HGNC Symbol;Acc:HGNC:725]
587,CKMT2,4.2275686,-5.3634863,"creatine kinase, mitochondrial 2 [Source:HGNC Symbol;Acc:HGNC:1996]"
496,SLC5A1,4.641846,-4.8089757,solute carrier family 5 member 1 [Source:HGNC Symbol;Acc:HGNC:11036]
37,CD36,8.213509,-2.7136407,CD36 molecule (CD36 blood group) [Source:HGNC Symbol;Acc:HGNC:1663]
23,MLIP-AS1,8.769977,-2.5251117,MLIP antisense RNA 1 [Source:HGNC Symbol;Acc:HGNC:40963]
337,ESRRB,5.277363,-4.090654,estrogen related receptor beta [Source:HGNC Symbol;Acc:HGNC:3473]
651,SHISA3,-4.053574,5.2595415,shisa family member 3 [Source:HGNC Symbol;Acc:HGNC:25159]
459,SRL,4.762758,-4.400564,sarcalumenin [Source:HGNC Symbol;Acc:HGNC:11295]
675,FBXO40,3.9688125,-5.163967,F-box protein 40 [Source:HGNC Symbol;Acc:HGNC:29816]
509,TCF21,-4.5764937,4.4596896,transcription factor 21 [Source:HGNC Symbol;Acc:HGNC:11632]
489,LAMA2,4.6647806,-4.362442,laminin subunit alpha 2 [Source:HGNC Symbol;Acc:HGNC:6482]
61,FGF12,7.5082855,-2.6869068,fibroblast growth factor 12 [Source:HGNC Symbol;Acc:HGNC:3668]
569,PCDH18,-4.3225656,4.625806,protocadherin 18 [Source:HGNC Symbol;Acc:HGNC:14268]
210,CXCL14,-5.984876,3.340443,C-X-C motif chemokine ligand 14 [Source:HGNC Symbol;Acc:HGNC:10640]
817,SMCO1,3.6035218,-5.516591,single-pass membrane protein with coiled-coil domains 1 [Source:HGNC Symbol;Acc:HGNC:27407]
570,IGFBP3,-4.322527,4.5746803,insulin like growth factor binding protein 3 [Source:HGNC Symbol;Acc:HGNC:5472]
431,AKAP6,4.8715167,-3.9610777,A-kinase anchoring protein 6 [Source:HGNC Symbol;Acc:HGNC:376]
38,UGT2B4,8.187591,-2.3397949,UDP glucuronosyltransferase family 2 member B4 [Source:HGNC Symbol;Acc:HGNC:12553]
515,IGF2-AS,-4.5523725,4.196149,IGF2 antisense RNA [Source:HGNC Symbol;Acc:HGNC:14062]
888,MGP,-3.4217067,5.556865,matrix Gla protein [Source:HGNC Symbol;Acc:HGNC:7060]
1165,LUM,-2.7593129,6.890067,lumican [Source:HGNC Symbol;Acc:HGNC:6724]
367,RAMP2,-5.152412,3.6607955,receptor activity modifying protein 2 [Source:HGNC Symbol;Acc:HGNC:9844]
24,ST7-AS2,8.691226,-2.0883656,ST7 antisense RNA 2 [Source:HGNC Symbol;Acc:HGNC:16044]
638,CFI,-4.076437,4.443547,complement factor I [Source:HGNC Symbol;Acc:HGNC:5394]
424,MIR1-1HG,4.9131637,-3.6723413,MIR1-1 host gene [Source:HGNC Symbol;Acc:HGNC:16159]
537,PLCXD3,4.4758615,-3.9993765,phosphatidylinositol specific phospholipase C X domain containing 3 [Source:HGNC Symbol;Acc:HGNC:31822]
1103,CD93,-2.9366698,6.0058317,CD93 molecule [Source:HGNC Symbol;Acc:HGNC:15855]
750,SPP1,-3.7773588,4.648702,secreted phosphoprotein 1 [Source:HGNC Symbol;Acc:HGNC:11255]
33,KBTBD12,8.408525,-2.087343,kelch repeat and BTB domain containing 12 [Source:HGNC Symbol;Acc:HGNC:25731]
474,COL1A2,-4.7046094,3.730486,collagen type I alpha 2 chain [Source:HGNC Symbol;Acc:HGNC:2198]
853,SPHKAP,3.5026903,-5.006266,"SPHK1 interactor, AKAP domain containing [Source:HGNC Symbol;Acc:HGNC:30619]"
894,FMOD,-3.4058669,5.1311216,fibromodulin [Source:HGNC Symbol;Acc:HGNC:3774]
874,GPAT3,3.4595566,-4.987802,glycerol-3-phosphate acyltransferase 3 [Source:HGNC Symbol;Acc:HGNC:28157]
666,GSTA1,-4.008961,4.2951713,glutathione S-transferase alpha 1 [Source:HGNC Symbol;Acc:HGNC:4626]
107,VXN,6.917155,-2.487728,vexin [Source:HGNC Symbol;Acc:HGNC:28498]
759,THY1,-3.748364,4.5379167,Thy-1 cell surface antigen [Source:HGNC Symbol;Acc:HGNC:11801]
527,FHL2,4.502583,-3.75383,four and a half LIM domains 2 [Source:HGNC Symbol;Acc:HGNC:3703]
247,NINJ2,5.706298,-2.9619696,ninjurin 2 [Source:HGNC Symbol;Acc:HGNC:7825]
277,RYR2,5.532159,-3.052265,ryanodine receptor 2 [Source:HGNC Symbol;Acc:HGNC:10484]
950,MYH7B,3.2921238,-5.112373,myosin heavy chain 7B [Source:HGNC Symbol;Acc:HGNC:15906]
458,SNAI2,-4.765748,3.5263157,snail family transcriptional repressor 2 [Source:HGNC Symbol;Acc:HGNC:11094]
513,LRRTM1,-4.559039,3.6660933,leucine rich repeat transmembrane neuronal 1 [Source:HGNC Symbol;Acc:HGNC:19408]
590,SERPINE2,-4.2174134,3.9628985,serpin family E member 2 [Source:HGNC Symbol;Acc:HGNC:8951]
222,BST2,-5.909618,2.8264108,bone marrow stromal cell antigen 2 [Source:HGNC Symbol;Acc:HGNC:1119]
441,EMILIN1,-4.835855,3.4385707,elastin microfibril interfacer 1 [Source:HGNC Symbol;Acc:HGNC:19880]
511,AMIGO2,-4.572627,3.633766,adhesion molecule with Ig like domain 2 [Source:HGNC Symbol;Acc:HGNC:24073]
397,SEC14L5,5.0319963,-3.2441225,SEC14 like lipid binding 5 [Source:HGNC Symbol;Acc:HGNC:29032]
887,APLNR,-3.422878,4.678817,apelin receptor [Source:HGNC Symbol;Acc:HGNC:339]
404,RGS4,-4.98593,3.2092986,regulator of G protein signaling 4 [Source:HGNC Symbol;Acc:HGNC:10000]
302,BMP4,-5.4213877,2.9441192,bone morphogenetic protein 4 [Source:HGNC Symbol;Acc:HGNC:1071]
356,GNG11,-5.1922083,3.069755,G protein subunit gamma 11 [Source:HGNC Symbol;Acc:HGNC:4403]
326,CACNB2,5.304665,-2.9825141,calcium voltage-gated channel auxiliary subunit beta 2 [Source:HGNC Symbol;Acc:HGNC:1402]
418,FXYD5,-4.939425,3.1945362,FXYD domain containing ion transport regulator 5 [Source:HGNC Symbol;Acc:HGNC:4029]
979,MYBPC3,3.2284935,-4.8770194,myosin binding protein C3 [Source:HGNC Symbol;Acc:HGNC:7551]
466,FOXC1,-4.7368174,3.305119,forkhead box C1 [Source:HGNC Symbol;Acc:HGNC:3800]
111,LRRTM3,6.8833947,-2.2616193,leucine rich repeat transmembrane neuronal 3 [Source:HGNC Symbol;Acc:HGNC:19410]
883,GDF7,-3.436261,4.525362,growth differentiation factor 7 [Source:HGNC Symbol;Acc:HGNC:4222]
423,S100A11,-4.923919,3.150177,S100 calcium binding protein A11 [Source:HGNC Symbol;Acc:HGNC:10488]
783,S1PR5,-3.6894672,4.202106,sphingosine-1-phosphate receptor 5 [Source:HGNC Symbol;Acc:HGNC:14299]
440,TUBB3,-4.8364387,3.1787038,tubulin beta 3 class III [Source:HGNC Symbol;Acc:HGNC:20772]
681,L1CAM,-3.960369,3.8734288,L1 cell adhesion molecule [Source:HGNC Symbol;Acc:HGNC:6470]
583,IFI16,-4.243011,3.6139154,interferon gamma inducible protein 16 [Source:HGNC Symbol;Acc:HGNC:5395]
76,PPP1R42,7.262746,-2.1089706,protein phosphatase 1 regulatory subunit 42 [Source:HGNC Symbol;Acc:HGNC:33732]
795,LOX,-3.6669874,4.1721525,lysyl oxidase [Source:HGNC Symbol;Acc:HGNC:6664]
345,EVA1B,-5.236769,2.9147117,eva-1 homolog B [Source:HGNC Symbol;Acc:HGNC:25558]
1390,PPP1R3A,2.3707087,-6.412298,protein phosphatase 1 regulatory subunit 3A [Source:HGNC Symbol;Acc:HGNC:9291]
92,MAOB,7.064354,-2.1405175,monoamine oxidase B [Source:HGNC Symbol;Acc:HGNC:6834]
1294,DCN,-2.5207489,5.9983315,decorin [Source:HGNC Symbol;Acc:HGNC:2705]
1040,HAPLN1,-3.066476,4.9292235,hyaluronan and proteoglycan link protein 1 [Source:HGNC Symbol;Acc:HGNC:2380]
220,VWC2,5.937458,-2.5449488,von Willebrand factor C domain containing 2 [Source:HGNC Symbol;Acc:HGNC:30200]
462,LRRC32,-4.751283,3.1754797,leucine rich repeat containing 32 [Source:HGNC Symbol;Acc:HGNC:4161]
896,IL32,-3.404324,4.4278765,interleukin 32 [Source:HGNC Symbol;Acc:HGNC:16830]
438,IFITM1,-4.8439255,3.1115818,interferon induced transmembrane protein 1 [Source:HGNC Symbol;Acc:HGNC:5412]
1248,TM4SF1,-2.6107135,5.7722526,transmembrane 4 L six family member 1 [Source:HGNC Symbol;Acc:HGNC:11853]
55,HSF4,7.6197743,-1.9659747,heat shock transcription factor 4 [Source:HGNC Symbol;Acc:HGNC:5227]
47,DHRS9,7.8416934,-1.9097607,dehydrogenase/reductase 9 [Source:HGNC Symbol;Acc:HGNC:16888]
700,CLIC5,3.905097,-3.827588,chloride intracellular channel 5 [Source:HGNC Symbol;Acc:HGNC:13517]
717,TBX18,-3.8619041,3.8667731,T-box transcription factor 18 [Source:HGNC Symbol;Acc:HGNC:11595]
561,FBLN1,-4.3607416,3.4076278,fibulin 1 [Source:HGNC Symbol;Acc:HGNC:3600]
1354,GJA4,-2.430276,6.1087837,gap junction protein alpha 4 [Source:HGNC Symbol;Acc:HGNC:4278]
293,MAB21L2,-5.466348,2.7114058,mab-21 like 2 [Source:HGNC Symbol;Acc:HGNC:6758]
497,PHACTR1,4.638964,-3.1948035,phosphatase and actin regulator 1 [Source:HGNC Symbol;Acc:HGNC:20990]
354,CTNNA3,5.1939883,-2.8394442,catenin alpha 3 [Source:HGNC Symbol;Acc:HGNC:2511]
340,TNC,-5.2647734,2.7724488,tenascin C [Source:HGNC Symbol;Acc:HGNC:5318]
760,HJV,3.74817,-3.8941882,hemojuvelin BMP co-receptor [Source:HGNC Symbol;Acc:HGNC:4887]
300,SERPING1,-5.427833,2.6763163,serpin family G member 1 [Source:HGNC Symbol;Acc:HGNC:1228]
640,ASCL1,-4.0702267,3.5670009,achaete-scute family bHLH transcription factor 1 [Source:HGNC Symbol;Acc:HGNC:738]
316,GLIPR2,-5.368305,2.6713295,GLI pathogenesis related 2 [Source:HGNC Symbol;Acc:HGNC:18007]
32,PACRG,8.40957,-1.6914421,parkin coregulated [Source:HGNC Symbol;Acc:HGNC:19152]
266,MARCKS,-5.563592,2.5566614,myristoylated alanine rich protein kinase C substrate [Source:HGNC Symbol;Acc:HGNC:6759]
371,TP53TG5,5.1336956,-2.7687213,TP53 target 5 [Source:HGNC Symbol;Acc:HGNC:15856]
234,SPARC,-5.814418,2.4442074,secreted protein acidic and cysteine rich [Source:HGNC Symbol;Acc:HGNC:11219]
676,SYT10,-3.963566,3.5827184,synaptotagmin 10 [Source:HGNC Symbol;Acc:HGNC:19266]
599,ENC1,-4.175637,3.368177,ectodermal-neural cortex 1 [Source:HGNC Symbol;Acc:HGNC:3345]
146,TMEM88,-6.419809,2.1810503,transmembrane protein 88 [Source:HGNC Symbol;Acc:HGNC:32371]
406,HAS2,-4.985083,2.8014457,hyaluronan synthase 2 [Source:HGNC Symbol;Acc:HGNC:4819]
999,DLK1,-3.1713169,4.4026585,delta like non-canonical Notch ligand 1 [Source:HGNC Symbol;Acc:HGNC:2907]
626,EXOC3L1,-4.096014,3.40217,exocyst complex component 3 like 1 [Source:HGNC Symbol;Acc:HGNC:27540]
661,PLAU,-4.017405,3.4378726,"plasminogen activator, urokinase [Source:HGNC Symbol;Acc:HGNC:9052]"
850,BRINP3,3.5069861,-3.931202,BMP/retinoic acid inducible neural specific 3 [Source:HGNC Symbol;Acc:HGNC:22393]
476,TRIM34,-4.7030416,2.9297807,tripartite motif containing 34 [Source:HGNC Symbol;Acc:HGNC:10063]
679,LIN28A,-3.9604611,3.4659073,lin-28 homolog A [Source:HGNC Symbol;Acc:HGNC:15986]
973,HOXB7,-3.2407532,4.231587,homeobox B7 [Source:HGNC Symbol;Acc:HGNC:5118]
656,FRMD5,4.0254383,-3.3967907,FERM domain containing 5 [Source:HGNC Symbol;Acc:HGNC:28214]
1109,DHRS7C,2.926025,-4.6487827,dehydrogenase/reductase 7C [Source:HGNC Symbol;Acc:HGNC:32423]
209,ABCC9,5.9907656,-2.269569,ATP binding cassette subfamily C member 9 [Source:HGNC Symbol;Acc:HGNC:60]
591,FN1,-4.2129483,3.2201445,fibronectin 1 [Source:HGNC Symbol;Acc:HGNC:3778]
1035,FBN1,-3.0835152,4.3589334,fibrillin 1 [Source:HGNC Symbol;Acc:HGNC:3603]
572,INPP4B,4.3167324,-3.1131847,inositol polyphosphate-4-phosphatase type II B [Source:HGNC Symbol;Acc:HGNC:6075]
691,MYO18B,3.920248,-3.4157073,myosin XVIIIB [Source:HGNC Symbol;Acc:HGNC:18150]
530,FAM89A,-4.498661,2.974915,family with sequence similarity 89 member A [Source:HGNC Symbol;Acc:HGNC:25057]
400,MEST,-5.0151463,2.6595738,mesoderm specific transcript [Source:HGNC Symbol;Acc:HGNC:7028]
860,SLC7A3,-3.4858618,3.7986896,solute carrier family 7 member 3 [Source:HGNC Symbol;Acc:HGNC:11061]
538,MAEL,4.4746513,-2.9370527,maelstrom spermatogenic transposon silencer [Source:HGNC Symbol;Acc:HGNC:25929]
634,MSX1,-4.080827,3.2204154,msh homeobox 1 [Source:HGNC Symbol;Acc:HGNC:7391]
280,ANXA1,-5.518395,2.371487,annexin A1 [Source:HGNC Symbol;Acc:HGNC:533]
688,TAGLN2,-3.9356928,3.3202343,transgelin 2 [Source:HGNC Symbol;Acc:HGNC:11554]
686,CFAP299,3.937819,-3.315149,cilia and flagella associated protein 299 [Source:HGNC Symbol;Acc:HGNC:28554]
571,FOXC2,-4.3225207,3.0096955,forkhead box C2 [Source:HGNC Symbol;Acc:HGNC:3801]
250,EGFL7,-5.67544,2.2834327,EGF like domain multiple 7 [Source:HGNC Symbol;Acc:HGNC:20594]
284,TMEM71,5.5000987,-2.3514059,transmembrane protein 71 [Source:HGNC Symbol;Acc:HGNC:26572]
1016,CD79B,-3.114459,4.1477933,CD79b molecule [Source:HGNC Symbol;Acc:HGNC:1699]
1298,LRRC39,2.5153797,-5.1329775,leucine rich repeat containing 39 [Source:HGNC Symbol;Acc:HGNC:28228]
1463,BGN,-2.2077763,5.847869,biglycan [Source:HGNC Symbol;Acc:HGNC:1044]
245,MXRA8,-5.7110553,2.2508903,matrix remodeling associated 8 [Source:HGNC Symbol;Acc:HGNC:7542]
671,FOXS1,-3.9861739,3.2180812,forkhead box S1 [Source:HGNC Symbol;Acc:HGNC:3735]
224,MFAP2,-5.8884053,2.1768954,microfibril associated protein 2 [Source:HGNC Symbol;Acc:HGNC:7033]
554,NR0B2,4.404821,-2.9071577,nuclear receptor subfamily 0 group B member 2 [Source:HGNC Symbol;Acc:HGNC:7961]
498,FLRT3,-4.6342454,2.757892,fibronectin leucine rich transmembrane protein 3 [Source:HGNC Symbol;Acc:HGNC:3762]
721,NNAT,-3.85443,3.3057413,neuronatin [Source:HGNC Symbol;Acc:HGNC:7860]
205,NCCRP1,-6.036222,2.1097093,"NCCRP1, F-box associated domain containing [Source:HGNC Symbol;Acc:HGNC:33739]"
531,GPBAR1,-4.4951186,2.8272545,G protein-coupled bile acid receptor 1 [Source:HGNC Symbol;Acc:HGNC:19680]
549,COL1A1,-4.429816,2.868484,collagen type I alpha 1 chain [Source:HGNC Symbol;Acc:HGNC:2197]
140,PTN,-6.475138,1.9582857,pleiotrophin [Source:HGNC Symbol;Acc:HGNC:9630]
949,TFPI2,-3.297203,3.800636,tissue factor pathway inhibitor 2 [Source:HGNC Symbol;Acc:HGNC:11761]
229,MYRIP,5.856029,-2.126387,myosin VIIA and Rab interacting protein [Source:HGNC Symbol;Acc:HGNC:19156]
683,CD248,-3.9475982,3.1465364,CD248 molecule [Source:HGNC Symbol;Acc:HGNC:18219]
833,COL9A3,-3.5623536,3.479507,collagen type IX alpha 3 chain [Source:HGNC Symbol;Acc:HGNC:2219]
526,ACACB,4.5091553,-2.7488582,acetyl-CoA carboxylase beta [Source:HGNC Symbol;Acc:HGNC:85]
1041,CYP2J2,3.0646706,-4.0399227,cytochrome P450 family 2 subfamily J member 2 [Source:HGNC Symbol;Acc:HGNC:2634]
436,DTNA,4.8548226,-2.549681,dystrobrevin alpha [Source:HGNC Symbol;Acc:HGNC:3057]
1046,TFPI,-3.0428183,4.0667706,tissue factor pathway inhibitor [Source:HGNC Symbol;Acc:HGNC:11760]
304,FBLN2,-5.4081054,2.2649379,fibulin 2 [Source:HGNC Symbol;Acc:HGNC:3601]
1348,LRRC14B,2.4363763,-5.011748,leucine rich repeat containing 14B [Source:HGNC Symbol;Acc:HGNC:37268]
1352,EOMES,-2.4334512,5.0030932,eomesodermin [Source:HGNC Symbol;Acc:HGNC:3372]
1392,TXLNB,2.3642373,-5.146338,taxilin beta [Source:HGNC Symbol;Acc:HGNC:21617]
157,VIM,-6.3170266,1.9224006,vimentin [Source:HGNC Symbol;Acc:HGNC:12692]
192,SLC30A10,6.120644,-1.9838701,solute carrier family 30 member 10 [Source:HGNC Symbol;Acc:HGNC:25355]
1048,KLHL31,3.0361075,-3.9954844,kelch like family member 31 [Source:HGNC Symbol;Acc:HGNC:21353]
207,FJX1,-5.9927735,2.0219586,four-jointed box kinase 1 [Source:HGNC Symbol;Acc:HGNC:17166]
193,TMSB4X,-6.113245,1.979766,thymosin beta 4 X-linked [Source:HGNC Symbol;Acc:HGNC:11881]
141,CCDC80,-6.466764,1.869428,coiled-coil domain containing 80 [Source:HGNC Symbol;Acc:HGNC:30649]
292,PTGES,-5.480806,2.2048182,prostaglandin E synthase [Source:HGNC Symbol;Acc:HGNC:9599]
845,SCN5A,3.5233388,-3.4192796,sodium voltage-gated channel alpha subunit 5 [Source:HGNC Symbol;Acc:HGNC:10593]
563,ARHGDIB,-4.35272,2.7673492,Rho GDP dissociation inhibitor beta [Source:HGNC Symbol;Acc:HGNC:679]
938,DUSP4,-3.3286746,3.615159,dual specificity phosphatase 4 [Source:HGNC Symbol;Acc:HGNC:3070]
177,IFITM3,-6.208774,1.9377826,interferon induced transmembrane protein 3 [Source:HGNC Symbol;Acc:HGNC:5414]
448,ARL4D,-4.791631,2.5063224,ARF like GTPase 4D [Source:HGNC Symbol;Acc:HGNC:656]
330,YIPF7,5.292516,-2.258939,Yip1 domain family member 7 [Source:HGNC Symbol;Acc:HGNC:26825]
954,AMY2B,3.2872567,-3.6350014,amylase alpha 2B [Source:HGNC Symbol;Acc:HGNC:478]
298,CENPW,-5.448857,2.190139,centromere protein W [Source:HGNC Symbol;Acc:HGNC:21488]
962,CAMK2B,3.267631,-3.6095653,calcium/calmodulin dependent protein kinase II beta [Source:HGNC Symbol;Acc:HGNC:1461]
986,RCAN2,3.207738,-3.675044,regulator of calcineurin 2 [Source:HGNC Symbol;Acc:HGNC:3041]
159,PDGFRA,-6.3013268,1.8628314,platelet derived growth factor receptor alpha [Source:HGNC Symbol;Acc:HGNC:8803]
464,CDH24,-4.7412515,2.4700506,cadherin 24 [Source:HGNC Symbol;Acc:HGNC:14265]
1673,SOX18,-1.8181467,6.436642,SRY-box transcription factor 18 [Source:HGNC Symbol;Acc:HGNC:11194]
1246,PTGIS,-2.6156917,4.4603496,prostaglandin I2 synthase [Source:HGNC Symbol;Acc:HGNC:9603]
647,CRABP1,-4.0624533,2.8590634,cellular retinoic acid binding protein 1 [Source:HGNC Symbol;Acc:HGNC:2338]
54,MOGAT1,7.6248975,-1.5206463,monoacylglycerol O-acyltransferase 1 [Source:HGNC Symbol;Acc:HGNC:18210]
1323,ERVH48-1,-2.4804142,4.6626296,"endogenous retrovirus group 48 member 1, envelope [Source:HGNC Symbol;Acc:HGNC:17216]"
968,PRDM16,3.2425296,-3.566499,PR/SET domain 16 [Source:HGNC Symbol;Acc:HGNC:14000]
248,DUSP6,-5.7061553,2.015126,dual specificity phosphatase 6 [Source:HGNC Symbol;Acc:HGNC:3072]
595,ANK1,4.2039585,-2.7338881,ankyrin 1 [Source:HGNC Symbol;Acc:HGNC:492]
988,DPPA4,-3.191357,3.5978553,developmental pluripotency associated 4 [Source:HGNC Symbol;Acc:HGNC:19200]
1361,CLDN5,-2.4217293,4.7386374,claudin 5 [Source:HGNC Symbol;Acc:HGNC:2047]
1025,SORBS2,3.1051593,-3.6919262,sorbin and SH3 domain containing 2 [Source:HGNC Symbol;Acc:HGNC:24098]
658,NR2F1,-4.021269,2.84759,nuclear receptor subfamily 2 group F member 1 [Source:HGNC Symbol;Acc:HGNC:7975]
601,SMIM24,-4.1643906,2.7466922,small integral membrane protein 24 [Source:HGNC Symbol;Acc:HGNC:37244]
163,MAP3K5,6.283101,-1.8191303,mitogen-activated protein kinase kinase kinase 5 [Source:HGNC Symbol;Acc:HGNC:6857]
678,CPNE5,3.9617321,-2.8844833,copine 5 [Source:HGNC Symbol;Acc:HGNC:2318]
219,LIMD2,-5.9396234,1.9213028,LIM domain containing 2 [Source:HGNC Symbol;Acc:HGNC:28142]
1132,GNG2,-2.8674736,3.9781053,G protein subunit gamma 2 [Source:HGNC Symbol;Acc:HGNC:4404]
355,DMD,5.1927996,-2.1934025,dystrophin [Source:HGNC Symbol;Acc:HGNC:2928]
377,EFNB2,-5.109055,2.2178648,ephrin B2 [Source:HGNC Symbol;Acc:HGNC:3227]
170,CDK1,-6.242338,1.8132818,cyclin dependent kinase 1 [Source:HGNC Symbol;Acc:HGNC:1722]
481,PPARGC1B,4.692449,-2.4043245,PPARG coactivator 1 beta [Source:HGNC Symbol;Acc:HGNC:30022]
287,CD24,-5.4914794,2.0533712,CD24 molecule [Source:HGNC Symbol;Acc:HGNC:1645]
399,GBGT1,-5.01806,2.236375,"globoside alpha-1,3-N-acetylgalactosaminyltransferase 1 (FORS blood group) [Source:HGNC Symbol;Acc:HGNC:20460]"
114,NEK10,6.8246493,-1.6410549,NIMA related kinase 10 [Source:HGNC Symbol;Acc:HGNC:18592]
1322,PCAT19,-2.4816818,4.4990616,prostate cancer associated transcript 19 [Source:HGNC Symbol;Acc:HGNC:49593]
1225,HHEX,-2.6491551,4.2117443,hematopoietically expressed homeobox [Source:HGNC Symbol;Acc:HGNC:4901]
223,ABLIM2,5.90402,-1.881808,actin binding LIM protein family member 2 [Source:HGNC Symbol;Acc:HGNC:19195]
169,KRT18,-6.257184,1.7752342,keratin 18 [Source:HGNC Symbol;Acc:HGNC:6430]
142,ARL6IP1,-6.4631953,1.7118945,ARL6 interacting reticulophagy regulator 1 [Source:HGNC Symbol;Acc:HGNC:697]
378,GPNMB,5.1047845,-2.1573048,glycoprotein nmb [Source:HGNC Symbol;Acc:HGNC:4462]
499,PHGDH,-4.6341634,2.375223,phosphoglycerate dehydrogenase [Source:HGNC Symbol;Acc:HGNC:8923]
328,UCHL1,-5.294197,2.0765903,ubiquitin C-terminal hydrolase L1 [Source:HGNC Symbol;Acc:HGNC:12513]
295,F2R,-5.4615517,2.0076263,coagulation factor II thrombin receptor [Source:HGNC Symbol;Acc:HGNC:3537]
773,SLC16A7,3.7084575,-2.9557242,solute carrier family 16 member 7 [Source:HGNC Symbol;Acc:HGNC:10928]
1602,NTS,-1.954176,5.6072645,neurotensin [Source:HGNC Symbol;Acc:HGNC:8038]
502,CPEB3,4.6180224,-2.3689544,cytoplasmic polyadenylation element binding protein 3 [Source:HGNC Symbol;Acc:HGNC:21746]
1471,SCG2,-2.193038,4.9868855,secretogranin II [Source:HGNC Symbol;Acc:HGNC:10575]
269,BISPR,-5.559515,1.9665508,BST2 interferon stimulated positive regulator [Source:HGNC Symbol;Acc:HGNC:51290]
368,CAMK2N1,-5.147792,2.1201148,calcium/calmodulin dependent protein kinase II inhibitor 1 [Source:HGNC Symbol;Acc:HGNC:24190]
1211,WT1,-2.6673782,4.0848236,WT1 transcription factor [Source:HGNC Symbol;Acc:HGNC:12796]
1036,GAL,-3.0829647,3.5262332,galanin and GMAP prepropeptide [Source:HGNC Symbol;Acc:HGNC:4114]
1236,PCDH10,-2.6285968,4.122753,protocadherin 10 [Source:HGNC Symbol;Acc:HGNC:13404]
1383,LDB3,2.3819792,-4.517281,LIM domain binding 3 [Source:HGNC Symbol;Acc:HGNC:15710]
444,APOC1,-4.8211193,2.2155468,apolipoprotein C1 [Source:HGNC Symbol;Acc:HGNC:607]
88,NR3C2,7.1014414,-1.5005476,nuclear receptor subfamily 3 group C member 2 [Source:HGNC Symbol;Acc:HGNC:7979]
1417,MYOM1,2.3069005,-4.6155267,myomesin 1 [Source:HGNC Symbol;Acc:HGNC:7613]
321,RAPGEF4,5.3405685,-1.9867697,Rap guanine nucleotide exchange factor 4 [Source:HGNC Symbol;Acc:HGNC:16626]
804,AQP3,-3.6417618,2.8979297,aquaporin 3 (Gill blood group) [Source:HGNC Symbol;Acc:HGNC:636]
260,TOP2A,-5.5840907,1.8888927,DNA topoisomerase II alpha [Source:HGNC Symbol;Acc:HGNC:11989]
1408,DKK4,-2.3340774,4.518095,dickkopf WNT signaling pathway inhibitor 4 [Source:HGNC Symbol;Acc:HGNC:2894]
848,IGLON5,-3.51364,3.0010328,IgLON family member 5 [Source:HGNC Symbol;Acc:HGNC:34550]
332,BCAT1,-5.2919765,1.9804376,branched chain amino acid transaminase 1 [Source:HGNC Symbol;Acc:HGNC:976]
334,PCDHGB7,-5.284656,1.9807485,"protocadherin gamma subfamily B, 7 [Source:HGNC Symbol;Acc:HGNC:8714]"
165,CTSV,-6.270868,1.6679682,cathepsin V [Source:HGNC Symbol;Acc:HGNC:2538]
724,ASB16,3.849459,-2.7129269,ankyrin repeat and SOCS box containing 16 [Source:HGNC Symbol;Acc:HGNC:19768]
338,SFRP5,-5.2733655,1.9794409,secreted frizzled related protein 5 [Source:HGNC Symbol;Acc:HGNC:10779]
687,KCTD14,-3.9366446,2.6445975,potassium channel tetramerization domain containing 14 [Source:HGNC Symbol;Acc:HGNC:23295]
344,SAMD11,-5.240371,1.9815122,sterile alpha motif domain containing 11 [Source:HGNC Symbol;Acc:HGNC:28706]
108,GALNT17,6.907556,-1.5028147,polypeptide N-acetylgalactosaminyltransferase 17 [Source:HGNC Symbol;Acc:HGNC:16347]
317,SLC9A2,5.356514,-1.9360303,solute carrier family 9 member A2 [Source:HGNC Symbol;Acc:HGNC:11072]
785,HSD11B1-AS1,3.6833792,-2.8135934,HSD11B1 antisense RNA 1 [Source:HGNC Symbol;Acc:HGNC:54053]
1013,TSPEAR,3.120939,-3.3073542,thrombospondin type laminin G domain and EAR repeats [Source:HGNC Symbol;Acc:HGNC:1268]
1068,L1TD1,-2.9950104,3.4439313,LINE1 type transposase domain containing 1 [Source:HGNC Symbol;Acc:HGNC:25595]
198,CENPF,-6.082674,1.694572,centromere protein F [Source:HGNC Symbol;Acc:HGNC:1857]
470,SH3BGRL3,-4.720641,2.1791008,SH3 domain binding glutamate rich protein like 3 [Source:HGNC Symbol;Acc:HGNC:15568]
1313,ADCY5,2.4944048,-4.104469,adenylate cyclase 5 [Source:HGNC Symbol;Acc:HGNC:236]
1273,GSC,-2.5681982,3.9860876,goosecoid homeobox [Source:HGNC Symbol;Acc:HGNC:4612]
1131,LAG3,-2.8676813,3.5689309,lymphocyte activating 3 [Source:HGNC Symbol;Acc:HGNC:6476]
553,IGDCC3,-4.4146886,2.317256,immunoglobulin superfamily DCC subclass member 3 [Source:HGNC Symbol;Acc:HGNC:9700]
1194,RGCC,-2.7042255,3.7824752,regulator of cell cycle [Source:HGNC Symbol;Acc:HGNC:20369]
543,LMO2,-4.4528804,2.2868357,LIM domain only 2 [Source:HGNC Symbol;Acc:HGNC:6642]
160,IFITM2,-6.3012686,1.6140748,interferon induced transmembrane protein 2 [Source:HGNC Symbol;Acc:HGNC:5413]
281,PIMREG,-5.5131874,1.8356928,PICALM interacting mitotic regulator [Source:HGNC Symbol;Acc:HGNC:25483]
522,GATA2,-4.526598,2.2331889,GATA binding protein 2 [Source:HGNC Symbol;Acc:HGNC:4171]
439,HOTAIRM1,-4.8426757,2.0842295,"HOXA transcript antisense RNA, myeloid-specific 1 [Source:HGNC Symbol;Acc:HGNC:37117]"
593,PGF,-4.2050524,2.398462,placental growth factor [Source:HGNC Symbol;Acc:HGNC:8893]
1538,PITX1,-2.0652277,4.878512,paired like homeodomain 1 [Source:HGNC Symbol;Acc:HGNC:9004]
1107,NMRK2,2.9269068,-3.44147,nicotinamide riboside kinase 2 [Source:HGNC Symbol;Acc:HGNC:17871]
282,FKBP11,-5.506851,1.8277282,FKBP prolyl isomerase 11 [Source:HGNC Symbol;Acc:HGNC:18624]
1441,DNM3OS,-2.2564294,4.4587607,DNM3 opposite strand/antisense RNA [Source:HGNC Symbol;Acc:HGNC:41228]
556,NBL1,-4.390378,2.291467,"NBL1, DAN family BMP antagonist [Source:HGNC Symbol;Acc:HGNC:7650]"
1245,DIO3OS,-2.6189728,3.837261,DIO3 opposite strand upstream RNA [Source:HGNC Symbol;Acc:HGNC:20348]
191,TMEM35B,-6.123666,1.6404384,transmembrane protein 35B [Source:HGNC Symbol;Acc:HGNC:40021]
194,NRP2,-6.1062155,1.6434058,neuropilin 2 [Source:HGNC Symbol;Acc:HGNC:8005]
799,ECM1,-3.658562,2.7389503,extracellular matrix protein 1 [Source:HGNC Symbol;Acc:HGNC:3153]
1149,C6orf141,-2.8360865,3.532421,chromosome 6 open reading frame 141 [Source:HGNC Symbol;Acc:HGNC:21351]
545,PSAT1,-4.446992,2.2504215,phosphoserine aminotransferase 1 [Source:HGNC Symbol;Acc:HGNC:19129]
594,ADA,-4.2044883,2.3787744,adenosine deaminase [Source:HGNC Symbol;Acc:HGNC:186]
641,KCNV1,-4.0701795,2.4480493,potassium voltage-gated channel modifier subfamily V member 1 [Source:HGNC Symbol;Acc:HGNC:18861]
212,TMEFF1,-5.9664264,1.6625319,transmembrane protein with EGF like and two follistatin like domains 1 [Source:HGNC Symbol;Acc:HGNC:11866]
484,CNTN3,4.6772747,-2.1189492,contactin 3 [Source:HGNC Symbol;Acc:HGNC:2173]
491,DCLK3,-4.657944,2.1265702,doublecortin like kinase 3 [Source:HGNC Symbol;Acc:HGNC:19005]
720,SALL4,-3.8581593,2.5669029,spalt like transcription factor 4 [Source:HGNC Symbol;Acc:HGNC:15924]
228,TPM4,-5.856144,1.6911323,tropomyosin 4 [Source:HGNC Symbol;Acc:HGNC:12013]
650,GPD1L,4.0567026,-2.4407635,glycerol-3-phosphate dehydrogenase 1 like [Source:HGNC Symbol;Acc:HGNC:28956]
447,SH3TC2-DT,4.804485,-2.057348,SH3TC2 divergent transcript [Source:HGNC Symbol;Acc:HGNC:52905]
1179,GATA3,-2.742477,3.5994835,GATA binding protein 3 [Source:HGNC Symbol;Acc:HGNC:4172]
1421,KLHL30,2.29278,-4.3051414,kelch like family member 30 [Source:HGNC Symbol;Acc:HGNC:24770]
432,PLTP,-4.865756,2.0277221,phospholipid transfer protein [Source:HGNC Symbol;Acc:HGNC:9093]
257,TWIST1,-5.6107354,1.7562047,twist family bHLH transcription factor 1 [Source:HGNC Symbol;Acc:HGNC:12428]
270,MINDY4,-5.559073,1.7705809,MINDY lysine 48 deubiquitinase 4 [Source:HGNC Symbol;Acc:HGNC:21916]
1126,AKR1B15,-2.874184,3.4193516,aldo-keto reductase family 1 member B15 [Source:HGNC Symbol;Acc:HGNC:37281]
482,B3GALT1,-4.690165,2.093826,"beta-1,3-galactosyltransferase 1 [Source:HGNC Symbol;Acc:HGNC:916]"
252,PPM1K-DT,5.66706,-1.722827,PPM1K divergent transcript [Source:HGNC Symbol;Acc:HGNC:54093]
1573,GIMAP4,-2.0009947,4.8763967,"GTPase, IMAP family member 4 [Source:HGNC Symbol;Acc:HGNC:21872]"
574,DTX4,-4.3106217,2.258251,deltex E3 ubiquitin ligase 4 [Source:HGNC Symbol;Acc:HGNC:29151]
930,ADGRB1,-3.346089,2.9045625,adhesion G protein-coupled receptor B1 [Source:HGNC Symbol;Acc:HGNC:943]
211,ZNF37A,-5.9727225,1.6254784,zinc finger protein 37A [Source:HGNC Symbol;Acc:HGNC:13102]
183,MKI67,-6.1822896,1.5677176,marker of proliferation Ki-67 [Source:HGNC Symbol;Acc:HGNC:7107]
1000,SLC27A6,3.1688426,-3.054361,solute carrier family 27 member 6 [Source:HGNC Symbol;Acc:HGNC:11000]
308,ZNF670,-5.397756,1.7906995,zinc finger protein 670 [Source:HGNC Symbol;Acc:HGNC:28167]
1651,TCIM,-1.8593476,5.1942697,transcriptional and immune response regulator [Source:HGNC Symbol;Acc:HGNC:1357]
1263,ARSI,-2.5804203,3.7374654,arylsulfatase family member I [Source:HGNC Symbol;Acc:HGNC:32521]
1711,HOXB-AS3,-1.7572008,5.476664,HOXB cluster antisense RNA 3 [Source:HGNC Symbol;Acc:HGNC:40283]
1157,PDE4DIP,2.8059967,-3.4228132,phosphodiesterase 4D interacting protein [Source:HGNC Symbol;Acc:HGNC:15580]
241,CNTNAP3,5.7495403,-1.6703492,contactin associated protein family member 3 [Source:HGNC Symbol;Acc:HGNC:13834]
414,ZNF695,-4.9449553,1.941646,zinc finger protein 695 [Source:HGNC Symbol;Acc:HGNC:30954]
1332,FSD2,2.4672558,-3.8856704,fibronectin type III and SPRY domain containing 2 [Source:HGNC Symbol;Acc:HGNC:18024]
382,NRGN,-5.08039,1.8849796,neurogranin [Source:HGNC Symbol;Acc:HGNC:8000]
541,RAD9B,4.46761,-2.1423876,RAD9 checkpoint clamp component B [Source:HGNC Symbol;Acc:HGNC:21700]
391,ENAM,5.048212,-1.8943634,enamelin [Source:HGNC Symbol;Acc:HGNC:3344]
478,ROBO3,-4.701797,2.032412,roundabout guidance receptor 3 [Source:HGNC Symbol;Acc:HGNC:13433]
232,GALNT4,-5.843462,1.631496,polypeptide N-acetylgalactosaminyltransferase 4 [Source:HGNC Symbol;Acc:HGNC:4126]
1088,CALCRL,-2.9573436,3.2203658,calcitonin receptor like receptor [Source:HGNC Symbol;Acc:HGNC:16709]
452,HJURP,-4.782558,1.9904636,Holliday junction recognition protein [Source:HGNC Symbol;Acc:HGNC:25444]
867,ADRA2C,-3.4702127,2.7429543,adrenoceptor alpha 2C [Source:HGNC Symbol;Acc:HGNC:283]
488,STAR,-4.666754,2.0391188,steroidogenic acute regulatory protein [Source:HGNC Symbol;Acc:HGNC:11359]
184,RRM2,-6.1802726,1.5386552,ribonucleotide reductase regulatory subunit M2 [Source:HGNC Symbol;Acc:HGNC:10452]
492,WFDC2,-4.654944,2.042233,WAP four-disulfide core domain 2 [Source:HGNC Symbol;Acc:HGNC:15939]
1363,SLC38A5,-2.4177318,3.9283545,solute carrier family 38 member 5 [Source:HGNC Symbol;Acc:HGNC:18070]
1193,CLDN11,-2.7173986,3.491574,claudin 11 [Source:HGNC Symbol;Acc:HGNC:8514]
602,SNAI1,-4.1639977,2.278319,snail family transcriptional repressor 1 [Source:HGNC Symbol;Acc:HGNC:11128]
505,CNTFR,-4.598973,2.0610678,ciliary neurotrophic factor receptor [Source:HGNC Symbol;Acc:HGNC:2170]
506,NEIL3,-4.583747,2.0637715,nei like DNA glycosylase 3 [Source:HGNC Symbol;Acc:HGNC:24573]
178,RCN1,-6.199378,1.5255425,reticulocalbin 1 [Source:HGNC Symbol;Acc:HGNC:9934]
1207,DOK7,2.6745324,-3.520128,docking protein 7 [Source:HGNC Symbol;Acc:HGNC:26594]
166,TMSB10,-6.265485,1.5001942,thymosin beta 10 [Source:HGNC Symbol;Acc:HGNC:11879]
1031,LAYN,-3.0920613,3.037905,layilin [Source:HGNC Symbol;Acc:HGNC:29471]
547,FLT1,-4.444395,2.1121576,fms related receptor tyrosine kinase 1 [Source:HGNC Symbol;Acc:HGNC:3763]
272,RTL9,5.550661,-1.6877265,retrotransposon Gag like 9 [Source:HGNC Symbol;Acc:HGNC:29245]
1306,ZFP42,-2.50964,3.725313,ZFP42 zinc finger protein [Source:HGNC Symbol;Acc:HGNC:30949]
243,PRRT2,-5.734801,1.6254545,proline rich transmembrane protein 2 [Source:HGNC Symbol;Acc:HGNC:30500]
660,PMAIP1,-4.0176387,2.3193066,phorbol-12-myristate-13-acetate-induced protein 1 [Source:HGNC Symbol;Acc:HGNC:9108]
1019,C10orf71,3.1120577,-2.9924357,chromosome 10 open reading frame 71 [Source:HGNC Symbol;Acc:HGNC:26973]
646,MIXL1,-4.062487,2.2909935,Mix paired-like homeobox [Source:HGNC Symbol;Acc:HGNC:13363]
318,IGFBP4,-5.347389,1.7355719,insulin like growth factor binding protein 4 [Source:HGNC Symbol;Acc:HGNC:5473]
1151,SPRY4-AS1,2.8336306,-3.2672539,SPRY4 antisense RNA 1 [Source:HGNC Symbol;Acc:HGNC:53465]
1630,COL6A3,-1.8907168,4.8809237,collagen type VI alpha 3 chain [Source:HGNC Symbol;Acc:HGNC:2213]
900,COLEC11,-3.398949,2.7117715,collectin subfamily member 11 [Source:HGNC Symbol;Acc:HGNC:17213]
402,CDT1,-4.99435,1.8422794,chromatin licensing and DNA replication factor 1 [Source:HGNC Symbol;Acc:HGNC:24576]
358,PEBP4,5.187373,-1.7689217,phosphatidylethanolamine binding protein 4 [Source:HGNC Symbol;Acc:HGNC:28319]
753,HIC1,-3.7700305,2.4286351,HIC ZBTB transcriptional repressor 1 [Source:HGNC Symbol;Acc:HGNC:4909]
390,PLEKHG4,-5.0492644,1.8097684,pleckstrin homology and RhoGEF domain containing G4 [Source:HGNC Symbol;Acc:HGNC:24501]
668,DAB2,-3.997394,2.2795825,DAB adaptor protein 2 [Source:HGNC Symbol;Acc:HGNC:2662]
618,NR4A3,4.106311,-2.217287,nuclear receptor subfamily 4 group A member 3 [Source:HGNC Symbol;Acc:HGNC:7982]
1385,CCR9,2.3797193,-3.822645,C-C motif chemokine receptor 9 [Source:HGNC Symbol;Acc:HGNC:1610]
709,PRTG,-3.8787942,2.3451715,protogenin [Source:HGNC Symbol;Acc:HGNC:26373]
1518,TSHZ3,-2.1101208,4.3075175,teashirt zinc finger homeobox 3 [Source:HGNC Symbol;Acc:HGNC:30700]
952,PCDH17,-3.2886484,2.7630906,protocadherin 17 [Source:HGNC Symbol;Acc:HGNC:14267]
389,NRARP,-5.052052,1.794507,NOTCH regulated ankyrin repeat protein [Source:HGNC Symbol;Acc:HGNC:33843]
1359,SHISAL2B,-2.4244163,3.7387574,shisa like 2B [Source:HGNC Symbol;Acc:HGNC:34236]
775,HDAC9,3.7074049,-2.4352672,histone deacetylase 9 [Source:HGNC Symbol;Acc:HGNC:14065]
1788,HGF,-1.617181,5.579091,hepatocyte growth factor [Source:HGNC Symbol;Acc:HGNC:4893]
1071,ACOT11,2.9909735,-3.0157287,acyl-CoA thioesterase 11 [Source:HGNC Symbol;Acc:HGNC:18156]
1178,CYP1A1,-2.7434707,3.273168,cytochrome P450 family 1 subfamily A member 1 [Source:HGNC Symbol;Acc:HGNC:2595]
768,CDH11,-3.722059,2.4104629,cadherin 11 [Source:HGNC Symbol;Acc:HGNC:1750]
813,RARRES2,-3.616661,2.479864,retinoic acid receptor responder 2 [Source:HGNC Symbol;Acc:HGNC:9868]
1816,FGF17,-1.5615664,5.7383304,fibroblast growth factor 17 [Source:HGNC Symbol;Acc:HGNC:3673]
1015,PTX3,-3.1186552,2.867183,pentraxin 3 [Source:HGNC Symbol;Acc:HGNC:9692]
914,SLC8A1,3.3770287,-2.6439726,solute carrier family 8 member A1 [Source:HGNC Symbol;Acc:HGNC:11068]
903,B4GALNT3,3.396804,-2.6235285,"beta-1,4-N-acetyl-galactosaminyltransferase 3 [Source:HGNC Symbol;Acc:HGNC:24137]"
1023,S100A10,-3.1091034,2.865575,S100 calcium binding protein A10 [Source:HGNC Symbol;Acc:HGNC:10487]
1576,BNC1,-1.9899182,4.475039,basonuclin zinc finger protein 1 [Source:HGNC Symbol;Acc:HGNC:1081]
1628,CXCL1,-1.8982193,4.6848817,C-X-C motif chemokine ligand 1 [Source:HGNC Symbol;Acc:HGNC:4602]
1112,BOC,-2.915391,3.050329,"BOC cell adhesion associated, oncogene regulated [Source:HGNC Symbol;Acc:HGNC:17173]"
1455,PEAR1,-2.2198713,4.0057645,platelet endothelial aggregation receptor 1 [Source:HGNC Symbol;Acc:HGNC:33631]
375,RAD51,-5.11542,1.7361162,RAD51 recombinase [Source:HGNC Symbol;Acc:HGNC:9817]
341,NAV3,5.26416,-1.6856031,neuron navigator 3 [Source:HGNC Symbol;Acc:HGNC:15998]
461,CCKBR,-4.7540803,1.8600569,cholecystokinin B receptor [Source:HGNC Symbol;Acc:HGNC:1571]
621,SNCG,-4.099476,2.1480289,synuclein gamma [Source:HGNC Symbol;Acc:HGNC:11141]
467,FOXL1,-4.734103,1.8587589,forkhead box L1 [Source:HGNC Symbol;Acc:HGNC:3817]
392,PGA5,-5.046553,1.7365899,pepsinogen A5 [Source:HGNC Symbol;Acc:HGNC:8887]
529,SLC8A1-AS1,4.4998055,-1.9462507,SLC8A1 antisense RNA 1 [Source:HGNC Symbol;Acc:HGNC:44102]
271,OLFML3,-5.5536222,1.5754964,olfactomedin like 3 [Source:HGNC Symbol;Acc:HGNC:24956]
1839,TGFBI,-1.5230653,5.7411103,transforming growth factor beta induced [Source:HGNC Symbol;Acc:HGNC:11771]
1177,PAPPA-AS1,-2.7438493,3.1790547,PAPPA antisense RNA 1 [Source:HGNC Symbol;Acc:HGNC:35152]
350,LRRC66,5.2038803,-1.6678659,leucine rich repeat containing 66 [Source:HGNC Symbol;Acc:HGNC:34299]
931,CYB5R2,-3.344533,2.5888186,cytochrome b5 reductase 2 [Source:HGNC Symbol;Acc:HGNC:24376]
633,PSRC1,-4.083437,2.1185856,proline and serine rich coiled-coil 1 [Source:HGNC Symbol;Acc:HGNC:24472]
294,CXorf58,5.46486,-1.5822133,chromosome X open reading frame 58 [Source:HGNC Symbol;Acc:HGNC:26356]
1278,PYCARD,-2.5617898,3.363979,PYD and CARD domain containing [Source:HGNC Symbol;Acc:HGNC:16608]
364,ETV2,-5.1625113,1.6666836,ETS variant transcription factor 2 [Source:HGNC Symbol;Acc:HGNC:3491]
575,VTN,-4.3092494,1.9935836,vitronectin [Source:HGNC Symbol;Acc:HGNC:12724]
469,CDC20,-4.724616,1.8172281,cell division cycle 20 [Source:HGNC Symbol;Acc:HGNC:1723]
652,ESRRG,4.049968,-2.118189,estrogen related receptor gamma [Source:HGNC Symbol;Acc:HGNC:3474]
285,TXK,5.497295,-1.5602098,TXK tyrosine kinase [Source:HGNC Symbol;Acc:HGNC:12434]
912,GDF3,-3.378629,2.5348995,growth differentiation factor 3 [Source:HGNC Symbol;Acc:HGNC:4218]
665,CALHM2,-4.0128403,2.133487,calcium homeostasis modulator family member 2 [Source:HGNC Symbol;Acc:HGNC:23493]
1765,COX6A2,1.6623157,-5.1417933,cytochrome c oxidase subunit 6A2 [Source:HGNC Symbol;Acc:HGNC:2279]
268,P2RY2,5.560412,-1.5371423,purinergic receptor P2Y2 [Source:HGNC Symbol;Acc:HGNC:8541]
1162,EDN1,-2.7812495,3.0723822,endothelin 1 [Source:HGNC Symbol;Acc:HGNC:3176]
598,CTNND2,4.1782,-2.0425408,catenin delta 2 [Source:HGNC Symbol;Acc:HGNC:2516]
1794,TLR4,-1.5993983,5.3325086,toll like receptor 4 [Source:HGNC Symbol;Acc:HGNC:11850]
477,AURKB,-4.7029877,1.803909,aurora kinase B [Source:HGNC Symbol;Acc:HGNC:11390]
946,RGS10,-3.3001244,2.5677621,regulator of G protein signaling 10 [Source:HGNC Symbol;Acc:HGNC:9992]
343,FRK,5.2438726,-1.6096486,fyn related Src family tyrosine kinase [Source:HGNC Symbol;Acc:HGNC:3955]
373,RAB32,-5.1193976,1.6485357,"RAB32, member RAS oncogene family [Source:HGNC Symbol;Acc:HGNC:9772]"
1669,LMOD2,1.8234954,-4.6239476,leiomodin 2 [Source:HGNC Symbol;Acc:HGNC:6648]
725,ANK2,3.8485653,-2.1871228,ankyrin 2 [Source:HGNC Symbol;Acc:HGNC:493]
314,TCEAL7,-5.372444,1.5648347,transcription elongation factor A like 7 [Source:HGNC Symbol;Acc:HGNC:28336]
736,POF1B,3.809335,-2.2066891,POF1B actin binding protein [Source:HGNC Symbol;Acc:HGNC:13711]
1677,CYP1B1,-1.8120815,4.636361,cytochrome P450 family 1 subfamily B member 1 [Source:HGNC Symbol;Acc:HGNC:2597]
993,LAMP5,-3.1890512,2.630735,lysosomal associated membrane protein family member 5 [Source:HGNC Symbol;Acc:HGNC:16097]
1180,MALL,-2.7335868,3.0639348,"mal, T cell differentiation protein like [Source:NCBI gene (formerly Entrezgene);Acc:7851]"
1142,ITGA7,2.851088,-2.9320517,integrin subunit alpha 7 [Source:HGNC Symbol;Acc:HGNC:6143]
1235,TRIM54,2.6294558,-3.1775033,tripartite motif containing 54 [Source:HGNC Symbol;Acc:HGNC:16008]
1778,CXCL6,-1.6364784,5.100805,C-X-C motif chemokine ligand 6 [Source:HGNC Symbol;Acc:HGNC:10643]
1604,LHX2,-1.9523171,4.2682066,LIM homeobox 2 [Source:HGNC Symbol;Acc:HGNC:6594]
1746,OR8D4,-1.68955,4.924701,olfactory receptor family 8 subfamily D member 4 [Source:HGNC Symbol;Acc:HGNC:14840]
1059,DKK1,-3.015885,2.7545223,dickkopf WNT signaling pathway inhibitor 1 [Source:HGNC Symbol;Acc:HGNC:2891]
1281,SPTB,2.553,-3.2445238,"spectrin beta, erythrocytic [Source:HGNC Symbol;Acc:HGNC:11274]"
416,ST8SIA5,4.9399447,-1.6721312,"ST8 alpha-N-acetyl-neuraminide alpha-2,8-sialyltransferase 5 [Source:HGNC Symbol;Acc:HGNC:17827]"
325,HMGA1,-5.3055444,1.5560615,high mobility group AT-hook 1 [Source:HGNC Symbol;Acc:HGNC:5010]
288,KRT8,-5.491097,1.5014857,keratin 8 [Source:HGNC Symbol;Acc:HGNC:6446]
291,LDLRAD4,5.482405,-1.502094,low density lipoprotein receptor class A domain containing 4 [Source:HGNC Symbol;Acc:HGNC:1224]
824,SYNPO2,3.5885503,-2.2901878,synaptopodin 2 [Source:HGNC Symbol;Acc:HGNC:17732]
349,CCDC34,-5.2111583,1.5750698,coiled-coil domain containing 34 [Source:HGNC Symbol;Acc:HGNC:25079]
512,FTL,-4.5718427,1.7943529,ferritin light chain [Source:HGNC Symbol;Acc:HGNC:3999]
825,SLITRK5,-3.5847573,2.2862468,SLIT and NTRK like family member 5 [Source:HGNC Symbol;Acc:HGNC:20295]
1485,CCDC9B,2.17392,-3.7666051,coiled-coil domain containing 9B [Source:HGNC Symbol;Acc:HGNC:33488]
1356,PENK,-2.429058,3.37018,proenkephalin [Source:HGNC Symbol;Acc:HGNC:8831]
1618,GIMAP5,-1.9133192,4.2542133,"GTPase, IMAP family member 5 [Source:HGNC Symbol;Acc:HGNC:18005]"
473,DLGAP5,-4.705401,1.7288064,DLG associated protein 5 [Source:HGNC Symbol;Acc:HGNC:16864]
546,EREG,4.445474,-1.8281735,epiregulin [Source:HGNC Symbol;Acc:HGNC:3443]
331,MDFI,-5.292427,1.5350024,MyoD family inhibitor [Source:HGNC Symbol;Acc:HGNC:6967]
740,ITPRIPL1,-3.802624,2.1330223,ITPRIP like 1 [Source:HGNC Symbol;Acc:HGNC:29371]
974,CXCR4,-3.2362578,2.505514,C-X-C motif chemokine receptor 4 [Source:HGNC Symbol;Acc:HGNC:2561]
468,FLT3LG,-4.730238,1.7131076,fms related receptor tyrosine kinase 3 ligand [Source:HGNC Symbol;Acc:HGNC:3766]
1144,CHRM3-AS2,-2.841296,2.80451,CHRM3 antisense RNA 2 [Source:HGNC Symbol;Acc:HGNC:43725]
584,C1QTNF6,-4.2398124,1.8788942,C1q and TNF related 6 [Source:HGNC Symbol;Acc:HGNC:14343]
1128,RGS16,-2.871923,2.7727392,regulator of G protein signaling 16 [Source:HGNC Symbol;Acc:HGNC:9997]
855,RGPD1,3.5010312,-2.268753,RANBP2 like and GRIP domain containing 1 [Source:HGNC Symbol;Acc:HGNC:32414]
374,TCIRG1,-5.11558,1.5523963,"T cell immune regulator 1, ATPase H+ transporting V0 subunit a3 [Source:HGNC Symbol;Acc:HGNC:11647]"
1448,KCNE3,-2.2363522,3.5463893,potassium voltage-gated channel subfamily E regulatory subunit 3 [Source:HGNC Symbol;Acc:HGNC:6243]
1049,CAPN14,3.0359914,-2.6106339,calpain 14 [Source:HGNC Symbol;Acc:HGNC:16664]
1393,ITLN2,-2.3614476,3.3542805,intelectin 2 [Source:HGNC Symbol;Acc:HGNC:20599]
1419,KLHL38,2.3038628,-3.4366796,kelch like family member 38 [Source:HGNC Symbol;Acc:HGNC:34435]
479,MAF,-4.7002378,1.6778128,MAF bZIP transcription factor [Source:HGNC Symbol;Acc:HGNC:6776]
1084,PLPP2,-2.965895,2.6536717,phospholipid phosphatase 2 [Source:HGNC Symbol;Acc:HGNC:9230]
1712,SLC26A9,1.7567376,-4.4551473,solute carrier family 26 member 9 [Source:HGNC Symbol;Acc:HGNC:14469]
429,MEIS3,-4.8756948,1.6049608,Meis homeobox 3 [Source:HGNC Symbol;Acc:HGNC:29537]
385,EPS8L1,-5.0631237,1.5411226,EPS8 signaling adaptor L1 [Source:HGNC Symbol;Acc:HGNC:21295]
631,GDF6,-4.0849752,1.9094795,growth differentiation factor 6 [Source:HGNC Symbol;Acc:HGNC:4221]
562,TMEM221,-4.3539925,1.7914557,transmembrane protein 221 [Source:HGNC Symbol;Acc:HGNC:21943]
565,TMSB15B,-4.3298645,1.8010069,thymosin beta 15B [Source:HGNC Symbol;Acc:HGNC:28612]
1748,SYPL2,1.6888995,-4.6097946,synaptophysin like 2 [Source:HGNC Symbol;Acc:HGNC:27638]
1645,INKA1,-1.8697661,4.1509237,inka box actin regulator 1 [Source:HGNC Symbol;Acc:HGNC:32480]
1546,JAML,2.0437136,-3.7857845,junction adhesion molecule like [Source:HGNC Symbol;Acc:HGNC:19084]
645,FRZB,-4.063532,1.9025222,frizzled related protein [Source:HGNC Symbol;Acc:HGNC:3959]
923,CYYR1,-3.3570588,2.2997067,cysteine and tyrosine rich 1 [Source:HGNC Symbol;Acc:HGNC:16274]
398,NCAPG,-5.019375,1.5366011,non-SMC condensin I complex subunit G [Source:HGNC Symbol;Acc:HGNC:24304]
1156,ITLN1,-2.8186347,2.7360175,intelectin 1 [Source:HGNC Symbol;Acc:HGNC:18259]
834,CTHRC1,-3.561566,2.1631486,collagen triple helix repeat containing 1 [Source:HGNC Symbol;Acc:HGNC:18831]
412,SLC28A1,4.9544287,-1.5535442,solute carrier family 28 member 1 [Source:HGNC Symbol;Acc:HGNC:11001]
542,MYRF,-4.4571724,1.7239658,myelin regulatory factor [Source:HGNC Symbol;Acc:HGNC:1181]
1531,ERP27,-2.0772214,3.6932971,endoplasmic reticulum protein 27 [Source:HGNC Symbol;Acc:HGNC:26495]
806,ADGRA2,-3.6368797,2.106861,adhesion G protein-coupled receptor A2 [Source:HGNC Symbol;Acc:HGNC:17849]
1583,PLAT,-1.9831797,3.8556788,"plasminogen activator, tissue type [Source:HGNC Symbol;Acc:HGNC:9051]"
567,TMEM54,-4.3245554,1.7621771,transmembrane protein 54 [Source:HGNC Symbol;Acc:HGNC:24143]
1200,GLRB,2.6936576,-2.8248167,glycine receptor beta [Source:HGNC Symbol;Acc:HGNC:4329]
890,CCL21,-3.4123404,2.228276,C-C motif chemokine ligand 21 [Source:HGNC Symbol;Acc:HGNC:10620]
1285,WNK2,2.544224,-2.9746735,WNK lysine deficient protein kinase 2 [Source:HGNC Symbol;Acc:HGNC:14542]
780,LIF,-3.6938038,2.0371158,LIF interleukin 6 family cytokine [Source:HGNC Symbol;Acc:HGNC:6596]
409,TBC1D8,4.975222,-1.5122044,TBC1 domain family member 8 [Source:HGNC Symbol;Acc:HGNC:17791]
1044,GAS6-AS1,3.0571387,-2.4527137,GAS6 antisense RNA 1 [Source:HGNC Symbol;Acc:HGNC:39826]
1609,LRRC52-AS1,1.9424694,-3.8480234,LRRC52 antisense RNA 1 [Source:HGNC Symbol;Acc:HGNC:54044]
1302,FHOD3,2.5126317,-2.9619834,formin homology 2 domain containing 3 [Source:HGNC Symbol;Acc:HGNC:26178]
535,KCNG1,-4.479281,1.6612669,potassium voltage-gated channel modifier subfamily G member 1 [Source:HGNC Symbol;Acc:HGNC:6248]
1515,PGM5,2.1202672,-3.4989865,phosphoglucomutase 5 [Source:HGNC Symbol;Acc:HGNC:8908]
1703,CCL2,-1.770225,4.1883736,C-C motif chemokine ligand 2 [Source:HGNC Symbol;Acc:HGNC:10618]
1137,BIN1,-2.8633997,2.5827415,bridging integrator 1 [Source:HGNC Symbol;Acc:HGNC:1052]
1215,CBLN2,-2.6597435,2.777173,cerebellin 2 precursor [Source:HGNC Symbol;Acc:HGNC:1544]
434,CDC42EP2,-4.858871,1.5197915,CDC42 effector protein 2 [Source:HGNC Symbol;Acc:HGNC:16263]
1155,GRID1,2.8198175,-2.615842,glutamate ionotropic receptor delta type subunit 1 [Source:HGNC Symbol;Acc:HGNC:4575]
445,GPT,4.819992,-1.5299902,glutamic--pyruvic transaminase [Source:HGNC Symbol;Acc:HGNC:4552]
1268,LFNG,-2.5731142,2.8612294,LFNG O-fucosylpeptide 3-beta-N-acetylglucosaminyltransferase [Source:HGNC Symbol;Acc:HGNC:6560]
480,FGF8,-4.69443,1.5676003,fibroblast growth factor 8 [Source:HGNC Symbol;Acc:HGNC:3686]
552,LEF1,-4.419276,1.6625397,lymphoid enhancer binding factor 1 [Source:HGNC Symbol;Acc:HGNC:6551]
1743,ACTG2,-1.6919512,4.3038325,"actin gamma 2, smooth muscle [Source:HGNC Symbol;Acc:HGNC:145]"
1078,ABRA,2.9789188,-2.4394348,actin binding Rho activating protein [Source:HGNC Symbol;Acc:HGNC:30655]
1324,CAPG,-2.479205,2.9300954,"capping actin protein, gelsolin like [Source:HGNC Symbol;Acc:HGNC:1474]"
978,PTPRZ1,-3.2286577,2.248201,protein tyrosine phosphatase receptor type Z1 [Source:HGNC Symbol;Acc:HGNC:9685]
1329,GAP43,-2.4724836,2.9338183,growth associated protein 43 [Source:HGNC Symbol;Acc:HGNC:4140]
782,TMEM158,-3.689613,1.9612312,transmembrane protein 158 [Source:HGNC Symbol;Acc:HGNC:30293]
1206,CELF3,-2.6747265,2.7019072,CUGBP Elav-like family member 3 [Source:HGNC Symbol;Acc:HGNC:11967]
1526,PNLDC1,2.0884612,-3.4562385,PARN like ribonuclease domain containing exonuclease 1 [Source:HGNC Symbol;Acc:HGNC:21185]
735,TRIM59,-3.8202968,1.8877418,tripartite motif containing 59 [Source:HGNC Symbol;Acc:HGNC:30834]
620,RETREG1,4.102201,-1.7578522,reticulophagy regulator 1 [Source:HGNC Symbol;Acc:HGNC:25964]
1080,GPR35,2.974751,-2.4147975,G protein-coupled receptor 35 [Source:HGNC Symbol;Acc:HGNC:4492]
1130,VILL,-2.8694577,2.4916282,villin like [Source:HGNC Symbol;Acc:HGNC:30906]
875,EPHA10,3.448878,-2.066549,EPH receptor A10 [Source:HGNC Symbol;Acc:HGNC:19987]
1418,DNAJC22,-2.3052511,3.0914023,DnaJ heat shock protein family (Hsp40) member C22 [Source:HGNC Symbol;Acc:HGNC:25802]
619,GALNT16,4.1026816,-1.7329121,polypeptide N-acetylgalactosaminyltransferase 16 [Source:HGNC Symbol;Acc:HGNC:23233]
756,PCDHGC4,-3.7629464,1.8829463,"protocadherin gamma subfamily C, 4 [Source:HGNC Symbol;Acc:HGNC:8717]"
710,DLL3,-3.8765578,1.8241537,delta like canonical Notch ligand 3 [Source:HGNC Symbol;Acc:HGNC:2909]
870,HMCN1,-3.46358,2.0339377,hemicentin 1 [Source:HGNC Symbol;Acc:HGNC:19194]
1476,RAB25,-2.1878397,3.217165,"RAB25, member RAS oncogene family [Source:HGNC Symbol;Acc:HGNC:18238]"
820,PLPP7,3.599997,-1.9528719,phospholipid phosphatase 7 (inactive) [Source:HGNC Symbol;Acc:HGNC:28174]
627,ATP8A1,4.0935016,-1.7141169,ATPase phospholipid transporting 8A1 [Source:HGNC Symbol;Acc:HGNC:13531]
1261,PPP1R12B,2.5815666,-2.7162375,protein phosphatase 1 regulatory subunit 12B [Source:HGNC Symbol;Acc:HGNC:7619]
614,ABRACL,-4.1133804,1.6955993,ABRA C-terminal like [Source:HGNC Symbol;Acc:HGNC:21230]
1830,A4GALT,1.53312,-4.527289,"alpha 1,4-galactosyltransferase (P1PK blood group) [Source:HGNC Symbol;Acc:HGNC:18149]"
719,TRAF5,-3.8582258,1.7956824,TNF receptor associated factor 5 [Source:HGNC Symbol;Acc:HGNC:12035]
857,RALGPS1,3.4896295,-1.9852754,Ral GEF with PH domain and SH3 binding motif 1 [Source:HGNC Symbol;Acc:HGNC:16851]
755,MPP4,3.7647898,-1.8398588,MAGUK p55 scaffold protein 4 [Source:HGNC Symbol;Acc:HGNC:13680]
1231,CDC42EP1,-2.6342185,2.6281414,CDC42 effector protein 1 [Source:HGNC Symbol;Acc:HGNC:17014]
1375,ADM2,-2.389996,2.8893125,adrenomedullin 2 [Source:HGNC Symbol;Acc:HGNC:28898]
1171,DSC3,-2.7525768,2.5068917,desmocollin 3 [Source:HGNC Symbol;Acc:HGNC:3037]
1539,KIRREL2,-2.0540028,3.3555434,kirre like nephrin family adhesion molecule 2 [Source:HGNC Symbol;Acc:HGNC:18816]
1172,BAALC,-2.7524817,2.5014105,BAALC binder of MAP3K1 and KLF4 [Source:HGNC Symbol;Acc:HGNC:14333]
551,SPRY4,-4.4261007,1.5554812,sprouty RTK signaling antagonist 4 [Source:HGNC Symbol;Acc:HGNC:15533]
698,SOX4,-3.9077787,1.7584738,SRY-box transcription factor 4 [Source:HGNC Symbol;Acc:HGNC:11200]
576,INSL3,-4.294475,1.5987635,insulin like 3 [Source:HGNC Symbol;Acc:HGNC:6086]
1336,RAC2,-2.4609485,2.78949,Rac family small GTPase 2 [Source:HGNC Symbol;Acc:HGNC:9802]
926,COTL1,-3.352235,2.045461,coactosin like F-actin binding protein 1 [Source:HGNC Symbol;Acc:HGNC:18304]
1381,GLI1,-2.3833086,2.8753884,GLI family zinc finger 1 [Source:HGNC Symbol;Acc:HGNC:4317]
739,NUSAP1,-3.8054368,1.7996397,nucleolar and spindle associated protein 1 [Source:HGNC Symbol;Acc:HGNC:18538]
927,C11orf91,-3.347885,2.0436497,chromosome 11 open reading frame 91 [Source:HGNC Symbol;Acc:HGNC:34444]
892,MUSTN1,-3.4081402,2.0045261,"musculoskeletal, embryonic nuclear protein 1 [Source:HGNC Symbol;Acc:HGNC:22144]"
607,CENPU,-4.150997,1.6455591,centromere protein U [Source:HGNC Symbol;Acc:HGNC:21348]
1123,KCNIP2,2.8785977,-2.3560848,potassium voltage-gated channel interacting protein 2 [Source:HGNC Symbol;Acc:HGNC:15522]
1009,NKD1,-3.1323984,2.1560786,NKD inhibitor of WNT signaling pathway 1 [Source:HGNC Symbol;Acc:HGNC:17045]
838,GNG3,-3.5505931,1.902072,G protein subunit gamma 3 [Source:HGNC Symbol;Acc:HGNC:4405]
871,OAF,-3.463141,1.9494237,out at first homolog [Source:HGNC Symbol;Acc:HGNC:28752]
1420,EPB41L2,-2.2987816,2.9348257,erythrocyte membrane protein band 4.1 like 2 [Source:HGNC Symbol;Acc:HGNC:3379]
1239,CD9,-2.62489,2.5693944,CD9 molecule [Source:HGNC Symbol;Acc:HGNC:1709]
1223,TSGA10IP,-2.6508877,2.5432312,testis specific 10 interacting protein [Source:HGNC Symbol;Acc:HGNC:26555]
704,CDCA8,-3.8955572,1.7303356,cell division cycle associated 8 [Source:HGNC Symbol;Acc:HGNC:14629]
1423,LHCGR,-2.2865467,2.9406147,luteinizing hormone/choriogonadotropin receptor [Source:HGNC Symbol;Acc:HGNC:6585]
732,FHL3,-3.823939,1.7523013,four and a half LIM domains 3 [Source:HGNC Symbol;Acc:HGNC:3704]
611,PNMA8C,-4.1226153,1.6220161,PNMA family member 8C [Source:HGNC Symbol;Acc:HGNC:53427]
847,IGSF9B,3.5210524,-1.8921882,immunoglobulin superfamily member 9B [Source:HGNC Symbol;Acc:HGNC:32326]
885,CALHM5,-3.4253197,1.9422839,calcium homeostasis modulator family member 5 [Source:HGNC Symbol;Acc:HGNC:21568]
1366,OSR2,-2.415524,2.7521305,odd-skipped related transciption factor 2 [Source:HGNC Symbol;Acc:HGNC:15830]
1244,MGAT4C,2.6192796,-2.5336928,MGAT4 family member C [Source:HGNC Symbol;Acc:HGNC:30871]
854,TPRG1-AS1,3.5010383,-1.8952508,TPRG1 antisense RNA 1 [Source:HGNC Symbol;Acc:HGNC:42391]
1752,MTUS2,1.6828427,-3.9386485,microtubule associated scaffold protein 2 [Source:HGNC Symbol;Acc:HGNC:20595]
1804,PLP1,-1.5816008,4.178659,proteolipid protein 1 [Source:HGNC Symbol;Acc:HGNC:9086]
793,BEST3,3.671243,-1.800116,bestrophin 3 [Source:HGNC Symbol;Acc:HGNC:17105]
1135,CPNE2,-2.864141,2.3020499,copine 2 [Source:HGNC Symbol;Acc:HGNC:2315]
1472,EHD2,-2.1929824,3.0064895,EH domain containing 2 [Source:HGNC Symbol;Acc:HGNC:3243]
1479,LRP2,-2.1851635,3.0155456,LDL receptor related protein 2 [Source:HGNC Symbol;Acc:HGNC:6694]
960,ZNF534,3.2714176,-2.0089622,zinc finger protein 534 [Source:HGNC Symbol;Acc:HGNC:26337]
1444,TMEM171,-2.2521088,2.9090996,transmembrane protein 171 [Source:HGNC Symbol;Acc:HGNC:27031]
1533,LUCAT1,2.0759628,-3.1550372,lung cancer associated transcript 1 [Source:HGNC Symbol;Acc:HGNC:48498]
1819,PSKH2,-1.5578207,4.1962547,protein serine kinase H2 [Source:HGNC Symbol;Acc:HGNC:18997]
788,SLFN12,-3.6815372,1.774274,schlafen family member 12 [Source:HGNC Symbol;Acc:HGNC:25500]
1124,GAREM2,-2.8784134,2.26852,GRB2 associated regulator of MAPK1 subtype 2 [Source:HGNC Symbol;Acc:HGNC:27172]
1062,HSPA12B,-3.0120556,2.1647537,heat shock protein family A (Hsp70) member 12B [Source:HGNC Symbol;Acc:HGNC:16193]
1169,EDNRB,-2.7550633,2.362722,endothelin receptor type B [Source:HGNC Symbol;Acc:HGNC:3180]
1490,HOXB13,-2.1675649,2.9941278,homeobox B13 [Source:HGNC Symbol;Acc:HGNC:5112]
1152,PCOLCE,-2.8265047,2.2952325,procollagen C-endopeptidase enhancer [Source:HGNC Symbol;Acc:HGNC:8738]
893,BMPER,-3.4059598,1.900571,BMP binding endothelial regulator [Source:HGNC Symbol;Acc:HGNC:24154]
603,ST3GAL5,-4.154936,1.5531602,"ST3 beta-galactoside alpha-2,3-sialyltransferase 5 [Source:HGNC Symbol;Acc:HGNC:10872]"
630,KIRREL1,-4.085135,1.5752524,kirre like nephrin family adhesion molecule 1 [Source:HGNC Symbol;Acc:HGNC:15734]
730,PLSCR1,-3.8346064,1.6595416,phospholipid scramblase 1 [Source:HGNC Symbol;Acc:HGNC:9092]
712,NETO1,-3.8710558,1.6393828,neuropilin and tolloid like 1 [Source:HGNC Symbol;Acc:HGNC:13823]
1096,SLC4A3,2.9422312,-2.1567507,solute carrier family 4 member 3 [Source:HGNC Symbol;Acc:HGNC:11029]
605,CD74,-4.1526146,1.5270244,CD74 molecule [Source:HGNC Symbol;Acc:HGNC:1697]
684,NHLH1,-3.940258,1.608355,nescient helix-loop-helix 1 [Source:HGNC Symbol;Acc:HGNC:7817]
899,NRROS,-3.403287,1.8572158,negative regulator of reactive oxygen species [Source:HGNC Symbol;Acc:HGNC:24613]
1488,GPC3,-2.1696472,2.913192,glypican 3 [Source:HGNC Symbol;Acc:HGNC:4451]
708,RABGAP1L-DT,3.88344,-1.6275085,RABGAP1L divergent transcript [Source:HGNC Symbol;Acc:HGNC:54296]
766,GNG8,-3.7293754,1.6885848,G protein subunit gamma 8 [Source:HGNC Symbol;Acc:HGNC:19664]
779,TLR6,-3.6967666,1.7033253,toll like receptor 6 [Source:HGNC Symbol;Acc:HGNC:16711]
596,PLXND1,-4.1919107,1.5012919,plexin D1 [Source:HGNC Symbol;Acc:HGNC:9107]
904,TTC39A-AS1,3.3957024,-1.8475562,TTC39A antisense RNA 1 [Source:HGNC Symbol;Acc:HGNC:40851]
1535,GBP2,-2.0678833,3.0298266,guanylate binding protein 2 [Source:HGNC Symbol;Acc:HGNC:4183]
738,RBM43,-3.8064005,1.6434126,RNA binding motif protein 43 [Source:HGNC Symbol;Acc:HGNC:24790]
1203,DEPDC1B,-2.686765,2.3279579,DEP domain containing 1B [Source:HGNC Symbol;Acc:HGNC:24902]
839,NIM1K,3.5428398,-1.7653807,NIM1 serine/threonine protein kinase [Source:HGNC Symbol;Acc:HGNC:28646]
1224,CD200,-2.6501482,2.3501878,CD200 molecule [Source:HGNC Symbol;Acc:HGNC:7203]
934,CCNB2,-3.3360085,1.8598543,cyclin B2 [Source:HGNC Symbol;Acc:HGNC:1580]
748,PTPN13,-3.7804575,1.6382189,protein tyrosine phosphatase non-receptor type 13 [Source:HGNC Symbol;Acc:HGNC:9646]
876,CLDN14,3.4435015,-1.7957048,claudin 14 [Source:HGNC Symbol;Acc:HGNC:2035]
964,CPA1,-3.2518356,1.9005038,carboxypeptidase A1 [Source:HGNC Symbol;Acc:HGNC:2296]
1260,LIN28B,-2.5826685,2.3883374,lin-28 homolog B [Source:HGNC Symbol;Acc:HGNC:32207]
623,PDIA4,-4.0979095,1.5029863,protein disulfide isomerase family A member 4 [Source:HGNC Symbol;Acc:HGNC:30167]
907,EME1,-3.3879924,1.8148291,essential meiotic structure-specific endonuclease 1 [Source:HGNC Symbol;Acc:HGNC:24965]
1314,ATP6V0E2-AS1,2.4926496,-2.463328,ATP6V0E2 antisense RNA 1 [Source:HGNC Symbol;Acc:HGNC:44180]
872,NOXA1,3.4630353,-1.7551696,NADPH oxidase activator 1 [Source:HGNC Symbol;Acc:HGNC:10668]
920,ABLIM1,3.367395,-1.8039765,actin binding LIM protein 1 [Source:HGNC Symbol;Acc:HGNC:78]
1382,OLFML1,-2.3821433,2.542947,olfactomedin like 1 [Source:HGNC Symbol;Acc:HGNC:24473]
716,C2CD4C,-3.863673,1.5651406,C2 calcium dependent domain containing 4C [Source:HGNC Symbol;Acc:HGNC:29417]
672,SPINT1,-3.9821167,1.5184658,"serine peptidase inhibitor, Kunitz type 1 [Source:HGNC Symbol;Acc:HGNC:11246]"
1378,PPARGC1A,2.3841755,-2.5321205,PPARG coactivator 1 alpha [Source:HGNC Symbol;Acc:HGNC:9237]
694,AKR1C3,-3.9147902,1.5420889,aldo-keto reductase family 1 member C3 [Source:HGNC Symbol;Acc:HGNC:386]
1740,CORO6,1.6969378,-3.5472903,coronin 6 [Source:HGNC Symbol;Acc:HGNC:21356]
1559,SYT6,-2.0241714,2.9735649,synaptotagmin 6 [Source:HGNC Symbol;Acc:HGNC:18638]
1186,ANKRD65,-2.7251186,2.2077014,ankyrin repeat domain 65 [Source:HGNC Symbol;Acc:HGNC:42950]
1464,TMEM37,-2.206444,2.7225547,transmembrane protein 37 [Source:HGNC Symbol;Acc:HGNC:18216]
1496,MCHR1,-2.1616585,2.777006,melanin concentrating hormone receptor 1 [Source:HGNC Symbol;Acc:HGNC:4479]
1121,CCDC74A,-2.8846226,2.0689244,coiled-coil domain containing 74A [Source:HGNC Symbol;Acc:HGNC:25197]
1033,ST6GAL2,-3.0884643,1.9279869,"ST6 beta-galactoside alpha-2,6-sialyltransferase 2 [Source:HGNC Symbol;Acc:HGNC:10861]"
1368,MITF,2.4019947,-2.4748912,melanocyte inducing transcription factor [Source:HGNC Symbol;Acc:HGNC:7105]
1208,EDN2,2.6744528,-2.2207775,endothelin 2 [Source:HGNC Symbol;Acc:HGNC:3177]
1118,EIF2AK3-DT,-2.8938298,2.046208,EIF2AK3 divergent transcript [Source:HGNC Symbol;Acc:HGNC:54066]
1675,GAD1,-1.8161902,3.2507145,glutamate decarboxylase 1 [Source:HGNC Symbol;Acc:HGNC:4092]
713,CBS,-3.8704388,1.5250227,cystathionine beta-synthase [Source:HGNC Symbol;Acc:HGNC:1550]
1387,JPH2,2.3744264,-2.4814787,junctophilin 2 [Source:HGNC Symbol;Acc:HGNC:14202]
1780,KRT7,-1.632236,3.602841,keratin 7 [Source:HGNC Symbol;Acc:HGNC:6445]
1504,ITGA1,-2.1439888,2.7401018,integrin subunit alpha 1 [Source:HGNC Symbol;Acc:HGNC:6134]
1736,TRDN,1.7098588,-3.4339442,triadin [Source:HGNC Symbol;Acc:HGNC:12261]
1547,FOXA3,-2.0406716,2.8657079,forkhead box A3 [Source:HGNC Symbol;Acc:HGNC:5023]
811,PIGZ,3.6204197,-1.6150254,phosphatidylinositol glycan anchor biosynthesis class Z [Source:HGNC Symbol;Acc:HGNC:30596]
745,KCNF1,-3.7857046,1.5429704,potassium voltage-gated channel modifier subfamily F member 1 [Source:HGNC Symbol;Acc:HGNC:6246]
1401,RNF144B,2.3466349,-2.4799583,ring finger protein 144B [Source:HGNC Symbol;Acc:HGNC:21578]
1373,MESP1,-2.3930414,2.4284816,mesoderm posterior bHLH transcription factor 1 [Source:HGNC Symbol;Acc:HGNC:29658]
792,LRRN4,-3.6725667,1.580999,leucine rich repeat neuronal 4 [Source:HGNC Symbol;Acc:HGNC:16208]
763,CLDN19,-3.7413664,1.5505321,claudin 19 [Source:HGNC Symbol;Acc:HGNC:2040]
1205,ZNF732,-2.67883,2.1598222,zinc finger protein 732 [Source:HGNC Symbol;Acc:HGNC:37138]
1315,ZNF469,-2.4924724,2.3185632,zinc finger protein 469 [Source:HGNC Symbol;Acc:HGNC:23216]
1240,AMZ1,2.6245377,-2.1883793,archaelysin family metallopeptidase 1 [Source:HGNC Symbol;Acc:HGNC:22231]
873,PLA2G4C,3.4601078,-1.6547221,phospholipase A2 group IVC [Source:HGNC Symbol;Acc:HGNC:9037]
1753,C2CD4B,-1.6821188,3.399947,C2 calcium dependent domain containing 4B [Source:HGNC Symbol;Acc:HGNC:33628]
742,HELLS,-3.7958105,1.5054412,"helicase, lymphoid specific [Source:HGNC Symbol;Acc:HGNC:4861]"
1045,SGO1,-3.0480492,1.8688184,shugoshin 1 [Source:HGNC Symbol;Acc:HGNC:25088]
1292,LCN15,-2.5251615,2.2543957,lipocalin 15 [Source:HGNC Symbol;Acc:HGNC:33777]
815,COBL,3.60975,-1.5657481,cordon-bleu WH2 repeat protein [Source:HGNC Symbol;Acc:HGNC:22199]
1057,PIP5KL1,-3.0197735,1.8716257,phosphatidylinositol-4-phosphate 5-kinase like 1 [Source:HGNC Symbol;Acc:HGNC:28711]
1271,ONECUT1,-2.5708323,2.1972766,one cut homeobox 1 [Source:HGNC Symbol;Acc:HGNC:8138]
987,CILP,-3.2022994,1.7638376,cartilage intermediate layer protein [Source:HGNC Symbol;Acc:HGNC:1980]
963,SLC14A1,3.2655752,-1.7283986,solute carrier family 14 member 1 (Kidd blood group) [Source:HGNC Symbol;Acc:HGNC:10918]
1477,SEZ6L2,-2.186061,2.5799081,seizure related 6 homolog like 2 [Source:HGNC Symbol;Acc:HGNC:30844]
1089,CD83,-2.9550297,1.9079013,CD83 molecule [Source:HGNC Symbol;Acc:HGNC:1703]
1307,FGFR4,-2.5089676,2.2371044,fibroblast growth factor receptor 4 [Source:HGNC Symbol;Acc:HGNC:3691]
1183,SMOC1,-2.7295506,2.0562394,SPARC related modular calcium binding 1 [Source:HGNC Symbol;Acc:HGNC:20318]
1558,C8G,2.0244586,-2.7714717,complement C8 gamma chain [Source:HGNC Symbol;Acc:HGNC:1354]
1291,FAIM2,-2.5260906,2.2171044,Fas apoptotic inhibitory molecule 2 [Source:HGNC Symbol;Acc:HGNC:17067]
1074,PIF1,-2.9867861,1.8727349,PIF1 5'-to-3' DNA helicase [Source:HGNC Symbol;Acc:HGNC:26220]
1713,TSPAN19,1.7566237,-3.1820304,tetraspanin 19 [Source:HGNC Symbol;Acc:HGNC:31886]
970,TOX,3.2415001,-1.7208964,thymocyte selection associated high mobility group box [Source:HGNC Symbol;Acc:HGNC:18988]
1520,OSBP2,2.1068404,-2.647097,oxysterol binding protein 2 [Source:HGNC Symbol;Acc:HGNC:8504]
1140,GLIPR1,-2.8534393,1.9544141,GLI pathogenesis related 1 [Source:HGNC Symbol;Acc:HGNC:17001]
1085,RRBP1,-2.9650846,1.879808,ribosome binding protein 1 [Source:HGNC Symbol;Acc:HGNC:10448]
1620,CASZ1,1.9078292,-2.9201872,castor zinc finger 1 [Source:HGNC Symbol;Acc:HGNC:26002]
925,GBE1,3.352291,-1.6487149,"1,4-alpha-glucan branching enzyme 1 [Source:HGNC Symbol;Acc:HGNC:4180]"
1555,MIR133A1HG,2.0317278,-2.719759,MIR133A1 host gene [Source:HGNC Symbol;Acc:HGNC:49594]
1069,BCO2,2.9945185,-1.8445747,beta-carotene oxygenase 2 [Source:HGNC Symbol;Acc:HGNC:18503]
1008,NOS3,-3.1364758,1.7603356,nitric oxide synthase 3 [Source:HGNC Symbol;Acc:HGNC:7876]
944,AKAP12,-3.3119001,1.6659671,A-kinase anchoring protein 12 [Source:HGNC Symbol;Acc:HGNC:370]
1775,FAM81A,1.6450937,-3.352089,family with sequence similarity 81 member A [Source:HGNC Symbol;Acc:HGNC:28379]
1220,TTBK1,2.6530025,-2.076873,tau tubulin kinase 1 [Source:HGNC Symbol;Acc:HGNC:19140]
1581,FLT4,-1.9860562,2.7722034,fms related receptor tyrosine kinase 4 [Source:HGNC Symbol;Acc:HGNC:3767]
1492,TBX4,-2.164272,2.536837,T-box transcription factor 4 [Source:HGNC Symbol;Acc:HGNC:11603]
1202,HMGA2-AS1,-2.68685,2.034244,HMGA2 antisense RNA 1 [Source:HGNC Symbol;Acc:HGNC:53973]
1481,TNNI3K,2.178618,-2.48103,TNNI3 interacting kinase [Source:HGNC Symbol;Acc:HGNC:19661]
1643,TYROBP,-1.8711523,2.8832462,transmembrane immune signaling adaptor TYROBP [Source:HGNC Symbol;Acc:HGNC:12449]
891,RTKN2,-3.4086046,1.5800858,rhotekin 2 [Source:HGNC Symbol;Acc:HGNC:19364]
1564,GALNT6,-2.0200663,2.6652305,polypeptide N-acetylgalactosaminyltransferase 6 [Source:HGNC Symbol;Acc:HGNC:4128]
902,CENPH,-3.397546,1.5843244,centromere protein H [Source:HGNC Symbol;Acc:HGNC:17268]
1146,TIMP4,-2.8409834,1.8939024,TIMP metallopeptidase inhibitor 4 [Source:HGNC Symbol;Acc:HGNC:11823]
1524,MMP14,-2.0999072,2.5372932,matrix metallopeptidase 14 [Source:HGNC Symbol;Acc:HGNC:7160]
866,ERBB4,3.4763877,-1.5230312,erb-b2 receptor tyrosine kinase 4 [Source:HGNC Symbol;Acc:HGNC:3432]
1115,TYRO3,-2.902478,1.8187379,TYRO3 protein tyrosine kinase [Source:HGNC Symbol;Acc:HGNC:12446]
972,SRSF9,-3.2411075,1.6247357,serine and arginine rich splicing factor 9 [Source:HGNC Symbol;Acc:HGNC:10791]
939,ARHGAP28,-3.3276577,1.579205,Rho GTPase activating protein 28 [Source:HGNC Symbol;Acc:HGNC:25509]
1360,APOBEC3G,-2.4233513,2.16587,apolipoprotein B mRNA editing enzyme catalytic subunit 3G [Source:HGNC Symbol;Acc:HGNC:17357]
1227,FRMD6,-2.6409018,1.9811742,FERM domain containing 6 [Source:HGNC Symbol;Acc:HGNC:19839]
1319,INAVA,-2.4884608,2.0998988,innate immunity activator [Source:HGNC Symbol;Acc:HGNC:25599]
1403,ADAMTSL5,2.3450217,-2.2251472,ADAMTS like 5 [Source:HGNC Symbol;Acc:HGNC:27912]
1333,PDLIM5,2.4647992,-2.112285,PDZ and LIM domain 5 [Source:HGNC Symbol;Acc:HGNC:17468]
880,AQP5,-3.4381232,1.5071201,aquaporin 5 [Source:HGNC Symbol;Acc:HGNC:638]
1595,MTUS2-AS1,1.9620161,-2.611502,MTUS2 antisense RNA 1 [Source:HGNC Symbol;Acc:HGNC:40924]
1277,LDHD,2.5626798,-1.9985375,lactate dehydrogenase D [Source:HGNC Symbol;Acc:HGNC:19708]
1377,LAMB3,2.386672,-2.1395838,laminin subunit beta 3 [Source:HGNC Symbol;Acc:HGNC:6490]
1293,DNAJA4,2.5212898,-2.0159857,DnaJ heat shock protein family (Hsp40) member A4 [Source:HGNC Symbol;Acc:HGNC:14885]
1010,TANC1,3.1293666,-1.6211911,"tetratricopeptide repeat, ankyrin repeat and coiled-coil containing 1 [Source:HGNC Symbol;Acc:HGNC:29364]"
982,COLQ,3.2192273,-1.5686597,collagen like tail subunit of asymmetric acetylcholinesterase [Source:HGNC Symbol;Acc:HGNC:2226]
1654,SCARA3,-1.8508512,2.72017,scavenger receptor class A member 3 [Source:HGNC Symbol;Acc:HGNC:19000]
1428,GALNT12,-2.2739475,2.2085478,polypeptide N-acetylgalactosaminyltransferase 12 [Source:HGNC Symbol;Acc:HGNC:19877]
1731,LZTS1,-1.7249306,2.8998306,leucine zipper tumor suppressor 1 [Source:HGNC Symbol;Acc:HGNC:13861]
1445,CHAC1,-2.2487135,2.2189944,ChaC glutathione specific gamma-glutamylcyclotransferase 1 [Source:HGNC Symbol;Acc:HGNC:28680]
1796,SLCO3A1,1.5934968,-3.1245215,solute carrier organic anion transporter family member 3A1 [Source:HGNC Symbol;Acc:HGNC:10952]
1480,MTMR11,-2.1830528,2.2692769,myotubularin related protein 11 [Source:HGNC Symbol;Acc:HGNC:24307]
1475,REC114,2.1898878,-2.2612767,REC114 meiotic recombination protein [Source:HGNC Symbol;Acc:HGNC:25065]
1297,EFNA2,-2.5155146,1.968255,ephrin A2 [Source:HGNC Symbol;Acc:HGNC:3222]
1129,ANKH,2.8719046,-1.7215102,ANKH inorganic pyrophosphate transport regulator [Source:HGNC Symbol;Acc:HGNC:15492]
1222,GLP1R,2.6520894,-1.8597481,glucagon like peptide 1 receptor [Source:HGNC Symbol;Acc:HGNC:4324]
1527,CHST1,-2.0837467,2.3569973,carbohydrate sulfotransferase 1 [Source:HGNC Symbol;Acc:HGNC:1969]
1827,CXCL3,-1.5393662,3.1871004,C-X-C motif chemokine ligand 3 [Source:HGNC Symbol;Acc:HGNC:4604]
1685,GPD1,1.8063476,-2.7093368,glycerol-3-phosphate dehydrogenase 1 [Source:HGNC Symbol;Acc:HGNC:4455]
1326,CCDC15,-2.4780812,1.974567,coiled-coil domain containing 15 [Source:HGNC Symbol;Acc:HGNC:25798]
1807,PAPPA2,1.5751173,-3.1022117,pappalysin 2 [Source:HGNC Symbol;Acc:HGNC:14615]
1353,SP6,-2.4304643,2.006087,Sp6 transcription factor [Source:HGNC Symbol;Acc:HGNC:14530]
1328,ANKRD61,2.4761407,-1.9562705,ankyrin repeat domain 61 [Source:HGNC Symbol;Acc:HGNC:22467]
1813,CADPS,1.5658966,-3.090806,calcium dependent secretion activator [Source:HGNC Symbol;Acc:HGNC:1426]
1532,SBSPON,-2.077175,2.328275,somatomedin B and thrombospondin type 1 domain containing [Source:HGNC Symbol;Acc:HGNC:30362]
1034,GHR,3.0868602,-1.5558763,growth hormone receptor [Source:HGNC Symbol;Acc:HGNC:4263]
1309,PPP1R13B,2.5067675,-1.9085102,protein phosphatase 1 regulatory subunit 13B [Source:HGNC Symbol;Acc:HGNC:14950]
1646,DANT1,-1.8690271,2.535451,"DXZ4 associated non-coding transcript 1, proximal [Source:HGNC Symbol;Acc:HGNC:50863]"
1478,GPR87,-2.186007,2.1593506,G protein-coupled receptor 87 [Source:HGNC Symbol;Acc:HGNC:4538]
1831,CCDC3,-1.5327541,3.073629,coiled-coil domain containing 3 [Source:HGNC Symbol;Acc:HGNC:23813]
1028,CHEK1,-3.1010766,1.5163409,checkpoint kinase 1 [Source:HGNC Symbol;Acc:HGNC:1925]
1039,PRG4,-3.0709066,1.526214,proteoglycan 4 [Source:HGNC Symbol;Acc:HGNC:9364]
1020,SYTL3,3.1112564,-1.5030094,synaptotagmin like 3 [Source:HGNC Symbol;Acc:HGNC:15587]
1358,RGN,2.4254742,-1.9262813,regucalcin [Source:HGNC Symbol;Acc:HGNC:9989]
1624,PRDM1,-1.902358,2.4482193,PR/SET domain 1 [Source:HGNC Symbol;Acc:HGNC:9346]
1113,PLCB4,2.9098547,-1.5964073,phospholipase C beta 4 [Source:HGNC Symbol;Acc:HGNC:9059]
1042,ONECUT2,-3.0640185,1.5143865,one cut homeobox 2 [Source:HGNC Symbol;Acc:HGNC:8139]
1837,USP2,1.526286,-3.037767,ubiquitin specific peptidase 2 [Source:HGNC Symbol;Acc:HGNC:12618]
1498,CPT1A,2.156914,-2.1485577,carnitine palmitoyltransferase 1A [Source:HGNC Symbol;Acc:HGNC:2328]
1249,DPP10-AS1,-2.6007519,1.7814002,DPP10 antisense RNA 1 [Source:HGNC Symbol;Acc:HGNC:40941]
1243,GBP1,-2.620489,1.7679198,guanylate binding protein 1 [Source:HGNC Symbol;Acc:HGNC:4182]
1549,TMEM132E,-2.0375307,2.2702057,transmembrane protein 132E [Source:HGNC Symbol;Acc:HGNC:26991]
1594,IMPG1,1.9667089,-2.3505526,interphotoreceptor matrix proteoglycan 1 [Source:HGNC Symbol;Acc:HGNC:6055]
1683,ULBP1,-1.8070363,2.5490646,UL16 binding protein 1 [Source:HGNC Symbol;Acc:HGNC:14893]
1100,TACC2,2.9381366,-1.5627147,transforming acidic coiled-coil containing protein 2 [Source:HGNC Symbol;Acc:HGNC:11523]
1187,POLN,2.72495,-1.6826502,DNA polymerase nu [Source:HGNC Symbol;Acc:HGNC:18870]
1148,TBC1D4,2.8383362,-1.61401,TBC1 domain family member 4 [Source:HGNC Symbol;Acc:HGNC:19165]
1607,OBSCN,1.9479846,-2.3467941,"obscurin, cytoskeletal calmodulin and titin-interacting RhoGEF [Source:HGNC Symbol;Acc:HGNC:15719]"
1133,MT1F,-2.8658516,1.5876774,metallothionein 1F [Source:HGNC Symbol;Acc:HGNC:7398]
1537,CMKLR1,-2.0667818,2.198574,chemerin chemokine-like receptor 1 [Source:HGNC Symbol;Acc:HGNC:2121]
1362,COLCA1,-2.4178808,1.8742535,colorectal cancer associated 1 [Source:HGNC Symbol;Acc:HGNC:33789]
1545,NSG1,-2.045961,2.2146828,neuronal vesicle trafficking associated 1 [Source:HGNC Symbol;Acc:HGNC:18790]
1234,OXT,-2.6317573,1.7214915,oxytocin/neurophysin I prepropeptide [Source:HGNC Symbol;Acc:HGNC:8528]
1599,TBX1,-1.9562035,2.3125322,T-box transcription factor 1 [Source:HGNC Symbol;Acc:HGNC:11592]
1562,BMP3,-2.021394,2.2354984,bone morphogenetic protein 3 [Source:HGNC Symbol;Acc:HGNC:1070]
1296,ARHGEF37,2.5179143,-1.7834374,Rho guanine nucleotide exchange factor 37 [Source:HGNC Symbol;Acc:HGNC:34430]
1514,PYCARD-AS1,-2.127759,2.1080635,PYCARD antisense RNA 1 [Source:HGNC Symbol;Acc:HGNC:45036]
1631,MMP1,-1.8884048,2.350619,matrix metallopeptidase 1 [Source:HGNC Symbol;Acc:HGNC:7155]
1493,ANXA2R,-2.1630776,2.0518909,annexin A2 receptor [Source:HGNC Symbol;Acc:HGNC:33463]
1355,CCDC63,2.429668,-1.8224434,coiled-coil domain containing 63 [Source:HGNC Symbol;Acc:HGNC:26669]
1134,SATB2-AS1,-2.8643508,1.5367677,SATB2 antisense RNA 1 [Source:HGNC Symbol;Acc:HGNC:26490]
1286,PROSER2-AS1,2.5427048,-1.7285882,PROSER2 antisense RNA 1 [Source:HGNC Symbol;Acc:HGNC:27343]
1426,SYNE4,-2.2782435,1.9230622,spectrin repeat containing nuclear envelope family member 4 [Source:HGNC Symbol;Acc:HGNC:26703]
1529,COL6A2,-2.0825336,2.0992286,collagen type VI alpha 2 chain [Source:HGNC Symbol;Acc:HGNC:2212]
1468,OLFM1,-2.1976492,1.9867675,olfactomedin 1 [Source:HGNC Symbol;Acc:HGNC:17187]
1634,CARD10,-1.883985,2.31744,caspase recruitment domain family member 10 [Source:HGNC Symbol;Acc:HGNC:16422]
1587,PRSS12,-1.980995,2.1849117,serine protease 12 [Source:HGNC Symbol;Acc:HGNC:9477]
1771,ABCA3,1.6501253,-2.5896602,ATP binding cassette subfamily A member 3 [Source:HGNC Symbol;Acc:HGNC:33]
1287,LGALS9,-2.5376987,1.6702679,galectin 9 [Source:HGNC Symbol;Acc:HGNC:6570]
1681,NIPSNAP3B,1.8089721,-2.326236,nipsnap homolog 3B [Source:HGNC Symbol;Acc:HGNC:23641]
1756,MIR302CHG,-1.6736243,2.5107121,miR-302/367 cluster host gene [Source:HGNC Symbol;Acc:HGNC:41070]
1459,GRIA1,2.213761,-1.8966603,glutamate ionotropic receptor AMPA type subunit 1 [Source:HGNC Symbol;Acc:HGNC:4571]
1305,ZEB2-AS1,-2.5111225,1.669322,ZEB2 antisense RNA 1 [Source:HGNC Symbol;Acc:HGNC:37149]
1308,VASH2,-2.5068972,1.6575674,vasohibin 2 [Source:HGNC Symbol;Acc:HGNC:25723]
1389,PPP1R9A,2.3720865,-1.7420614,protein phosphatase 1 regulatory subunit 9A [Source:HGNC Symbol;Acc:HGNC:14946]
1509,KLF2,-2.1339562,1.9264836,KLF transcription factor 2 [Source:HGNC Symbol;Acc:HGNC:6347]
1218,FAM131B,-2.6541185,1.5380054,family with sequence similarity 131 member B [Source:HGNC Symbol;Acc:HGNC:22202]
1398,PER3,2.3529735,-1.7337877,period circadian regulator 3 [Source:HGNC Symbol;Acc:HGNC:8847]
1506,SNAI3,2.1388903,-1.8938314,snail family transcriptional repressor 3 [Source:HGNC Symbol;Acc:HGNC:18411]
1436,CDCA7,-2.2620764,1.7815255,cell division cycle associated 7 [Source:HGNC Symbol;Acc:HGNC:14628]
1786,ENDOD1,-1.6211615,2.453839,endonuclease domain containing 1 [Source:HGNC Symbol;Acc:HGNC:29129]
1345,TNFAIP3,-2.4392,1.627197,TNF alpha induced protein 3 [Source:HGNC Symbol;Acc:HGNC:11896]
1793,CD7,-1.6047221,2.4691978,CD7 molecule [Source:HGNC Symbol;Acc:HGNC:1695]
1635,SSTR2,-1.8828399,2.1031795,somatostatin receptor 2 [Source:HGNC Symbol;Acc:HGNC:11331]
1773,SLC43A3,-1.6473931,2.4032779,solute carrier family 43 member 3 [Source:HGNC Symbol;Acc:HGNC:17466]
1369,CPEB4,2.3980796,-1.6473432,cytoplasmic polyadenylation element binding protein 4 [Source:HGNC Symbol;Acc:HGNC:21747]
1589,TAL2,-1.9760717,1.9823726,TAL bHLH transcription factor 2 [Source:HGNC Symbol;Acc:HGNC:11557]
1429,SLC20A2,2.271072,-1.7210146,solute carrier family 20 member 2 [Source:HGNC Symbol;Acc:HGNC:10947]
1777,A2M,1.6396217,-2.3753173,alpha-2-macroglobulin [Source:HGNC Symbol;Acc:HGNC:7]
1416,ACOT1,2.3076463,-1.6834476,acyl-CoA thioesterase 1 [Source:HGNC Symbol;Acc:HGNC:33128]
1499,JCAD,-2.156239,1.8004555,junctional cadherin 5 associated [Source:HGNC Symbol;Acc:HGNC:29283]
1465,NPIPB6,2.206074,-1.7595165,nuclear pore complex interacting protein family member B6 [Source:HGNC Symbol;Acc:HGNC:37454]
1511,MGAT5,2.1321113,-1.800581,"alpha-1,6-mannosylglycoprotein 6-beta-N-acetylglucosaminyltransferase [Source:HGNC Symbol;Acc:HGNC:7049]"
1843,PODXL,-1.5177027,2.511154,podocalyxin like [Source:HGNC Symbol;Acc:HGNC:9171]
1288,EPHB2,-2.5347493,1.500453,EPH receptor B2 [Source:HGNC Symbol;Acc:HGNC:3393]
1380,FN3K,2.3837779,-1.5946891,fructosamine 3 kinase [Source:HGNC Symbol;Acc:HGNC:24822]
1341,GPR157,2.4561617,-1.5265743,G protein-coupled receptor 157 [Source:HGNC Symbol;Acc:HGNC:23687]
1638,CCDC152,-1.8762137,1.9973993,coiled-coil domain containing 152 [Source:HGNC Symbol;Acc:HGNC:34438]
1395,HSD17B11,-2.3588562,1.5885602,hydroxysteroid 17-beta dehydrogenase 11 [Source:HGNC Symbol;Acc:HGNC:22960]
1729,PDZD4,-1.7278651,2.1624339,PDZ domain containing 4 [Source:HGNC Symbol;Acc:HGNC:21167]
1640,ZMAT4,1.8748105,-1.9883226,zinc finger matrin-type 4 [Source:HGNC Symbol;Acc:HGNC:25844]
1406,NEB,2.3378284,-1.5822103,nebulin [Source:HGNC Symbol;Acc:HGNC:7720]
1608,GCOM1,1.9438686,-1.8981084,"GCOM1, MYZAP-POLR2M combined locus [Source:HGNC Symbol;Acc:HGNC:26424]"
1512,HAND2-AS1,2.1317658,-1.7242036,HAND2 antisense RNA 1 [Source:HGNC Symbol;Acc:HGNC:48872]
1659,TNFRSF18,-1.8382651,1.9982088,TNF receptor superfamily member 18 [Source:HGNC Symbol;Acc:HGNC:11914]
1400,LBX2-AS1,-2.348537,1.5622404,LBX2 antisense RNA 1 [Source:HGNC Symbol;Acc:HGNC:25136]
1824,ADIRF,-1.5466442,2.368746,adipogenesis regulatory factor [Source:HGNC Symbol;Acc:HGNC:24043]
1430,NEK6,-2.2685554,1.6098777,NIMA related kinase 6 [Source:HGNC Symbol;Acc:HGNC:7749]
1774,TMEM59L,-1.6460754,2.2131286,transmembrane protein 59 like [Source:HGNC Symbol;Acc:HGNC:13237]
1763,CHST15,-1.663813,2.1808164,carbohydrate sulfotransferase 15 [Source:HGNC Symbol;Acc:HGNC:18137]
1684,TNFRSF13C,-1.8069873,1.9885671,TNF receptor superfamily member 13C [Source:HGNC Symbol;Acc:HGNC:17755]
1541,PLEKHA2,2.0512764,-1.7448252,pleckstrin homology domain containing A2 [Source:HGNC Symbol;Acc:HGNC:14336]
1596,PLCE1-AS1,-1.9616352,1.8221018,PLCE1 antisense RNA 1 [Source:HGNC Symbol;Acc:HGNC:45193]
1451,PARPBP,-2.231809,1.6012173,PARP1 binding protein [Source:HGNC Symbol;Acc:HGNC:26074]
1691,MYRFL,1.7914832,-1.9891587,myelin regulatory factor like [Source:HGNC Symbol;Acc:HGNC:26316]
1569,F2RL3,-2.0098414,1.7714611,F2R like thrombin or trypsin receptor 3 [Source:HGNC Symbol;Acc:HGNC:3540]
1522,GATA2-AS1,-2.1039383,1.6847346,GATA2 antisense RNA 1 [Source:HGNC Symbol;Acc:HGNC:51108]
1425,KAT2B,2.2793684,-1.5405174,lysine acetyltransferase 2B [Source:HGNC Symbol;Acc:HGNC:8638]
1612,SVEP1,-1.9349866,1.8114874,"sushi, von Willebrand factor type A, EGF and pentraxin domain containing 1 [Source:HGNC Symbol;Acc:HGNC:15985]"
1413,SPA17,-2.3184426,1.5111637,sperm autoantigenic protein 17 [Source:HGNC Symbol;Acc:HGNC:11210]
1629,MSS51,1.8967255,-1.8392392,MSS51 mitochondrial translational activator [Source:HGNC Symbol;Acc:HGNC:21000]
1484,NAMA,2.1744826,-1.5976806,"non-protein coding RNA, associated with MAP kinase pathway and growth arrest [Source:HGNC Symbol;Acc:HGNC:42408]"
1561,RAB9B,2.0233893,-1.7160803,"RAB9B, member RAS oncogene family [Source:HGNC Symbol;Acc:HGNC:14090]"
1454,NOTCH1,-2.225652,1.5433673,notch receptor 1 [Source:HGNC Symbol;Acc:HGNC:7881]
1592,PHLDA1,-1.9678545,1.7332786,pleckstrin homology like domain family A member 1 [Source:HGNC Symbol;Acc:HGNC:8933]
1679,COL14A1,-1.8111933,1.8748679,collagen type XIV alpha 1 chain [Source:HGNC Symbol;Acc:HGNC:2191]
1826,NEXN,1.5417595,-2.1883786,nexilin F-actin binding protein [Source:HGNC Symbol;Acc:HGNC:29557]
1565,SHANK2-AS1,-2.016168,1.6675009,SHANK2 antisense RNA 1 [Source:HGNC Symbol;Acc:HGNC:40014]
1510,SQOR,2.1327143,-1.5693976,sulfide quinone oxidoreductase [Source:HGNC Symbol;Acc:HGNC:20390]
1698,NQO1,-1.7816869,1.8742877,NAD(P)H quinone dehydrogenase 1 [Source:HGNC Symbol;Acc:HGNC:2874]
1500,MIP,2.154278,-1.5406668,major intrinsic protein of lens fiber [Source:HGNC Symbol;Acc:HGNC:7103]
1469,CYB5D1,-2.1958365,1.5111597,cytochrome b5 domain containing 1 [Source:HGNC Symbol;Acc:HGNC:26516]
1554,ARHGAP31,2.0322363,-1.625031,Rho GTPase activating protein 31 [Source:HGNC Symbol;Acc:HGNC:29216]
1801,TLE3,-1.5887871,2.0767505,"TLE family member 3, transcriptional corepressor [Source:HGNC Symbol;Acc:HGNC:11839]"
1577,HMOX1,-1.9884994,1.6514639,heme oxygenase 1 [Source:HGNC Symbol;Acc:HGNC:5013]
1717,GPR132,1.7496986,-1.876052,G protein-coupled receptor 132 [Source:HGNC Symbol;Acc:HGNC:17482]
1563,GAB1,2.0213454,-1.6237338,GRB2 associated binding protein 1 [Source:HGNC Symbol;Acc:HGNC:4066]
1785,SLC4A8,-1.6217015,2.017803,solute carrier family 4 member 8 [Source:HGNC Symbol;Acc:HGNC:11034]
1658,RAMP2-AS1,-1.8435459,1.7569131,RAMP2 antisense RNA 1 [Source:HGNC Symbol;Acc:HGNC:44358]
1782,CD68,-1.6282063,1.9852028,CD68 molecule [Source:HGNC Symbol;Acc:HGNC:1693]
1579,XKRX,1.9868898,-1.6049303,XK related X-linked [Source:HGNC Symbol;Acc:HGNC:29845]
1754,COL4A2-AS2,1.6813122,-1.8921597,COL4A2 antisense RNA 2 [Source:HGNC Symbol;Acc:HGNC:39849]
1800,SEPTIN11,-1.5902945,1.9930052,septin 11 [Source:HGNC Symbol;Acc:HGNC:25589]
1723,PPTC7,1.7367637,-1.8168061,protein phosphatase targeting COQ7 [Source:HGNC Symbol;Acc:HGNC:30695]
1767,PREX1,-1.6582639,1.8716568,"phosphatidylinositol-3,4,5-trisphosphate dependent Rac exchange factor 1 [Source:HGNC Symbol;Acc:HGNC:32594]"
1725,PAM,1.7357886,-1.7726496,peptidylglycine alpha-amidating monooxygenase [Source:HGNC Symbol;Acc:HGNC:8596]
1552,NPY5R,-2.0326602,1.5070215,neuropeptide Y receptor Y5 [Source:HGNC Symbol;Acc:HGNC:7958]
1585,MIS18A,-1.9817128,1.5237964,MIS18 kinetochore protein A [Source:HGNC Symbol;Acc:HGNC:1286]
1660,UGT3A2,-1.8373319,1.6366863,UDP glycosyltransferase family 3 member A2 [Source:HGNC Symbol;Acc:HGNC:27266]
1745,CRY2,1.6911416,-1.7756927,cryptochrome circadian regulator 2 [Source:HGNC Symbol;Acc:HGNC:2385]
1833,FANCB,-1.5308896,1.9574827,FA complementation group B [Source:HGNC Symbol;Acc:HGNC:3583]
1626,TICRR,-1.9001178,1.5675699,TOPBP1 interacting checkpoint and replication regulator [Source:HGNC Symbol;Acc:HGNC:28704]
1715,COL6A1,-1.7537769,1.6871481,collagen type VI alpha 1 chain [Source:HGNC Symbol;Acc:HGNC:2211]
1674,ATP2B1,-1.8170832,1.6280689,ATPase plasma membrane Ca2+ transporting 1 [Source:HGNC Symbol;Acc:HGNC:814]
1714,TGFA,1.754025,-1.6842717,transforming growth factor alpha [Source:HGNC Symbol;Acc:HGNC:11765]
1779,PRPS2,-1.6339887,1.7983674,phosphoribosyl pyrophosphate synthetase 2 [Source:HGNC Symbol;Acc:HGNC:9465]
1653,PRCD,-1.8517582,1.5756563,photoreceptor disc component [Source:HGNC Symbol;Acc:HGNC:32528]
1766,VSIG10L2,-1.6597124,1.7560029,V-set and immunoglobulin domain containing 10 like 2 [Source:HGNC Symbol;Acc:HGNC:27879]
1739,TPM3,-1.700934,1.708976,tropomyosin 3 [Source:HGNC Symbol;Acc:HGNC:12012]
1655,STAT4,1.8471999,-1.5682964,signal transducer and activator of transcription 4 [Source:HGNC Symbol;Acc:HGNC:11365]
1650,DSC2,-1.8607477,1.5482036,desmocollin 2 [Source:HGNC Symbol;Acc:HGNC:3036]
1617,FNDC11,-1.9166386,1.5026773,fibronectin type III domain containing 11 [Source:HGNC Symbol;Acc:HGNC:28764]
1853,CD48,-1.5018644,1.9000696,CD48 molecule [Source:HGNC Symbol;Acc:HGNC:1683]
1688,TACC3,-1.795339,1.5793099,transforming acidic coiled-coil containing protein 3 [Source:HGNC Symbol;Acc:HGNC:11524]
1716,TPD52L1,1.7522395,-1.6125991,TPD52 like 1 [Source:HGNC Symbol;Acc:HGNC:12006]
1652,SIAE,1.8553021,-1.503334,sialic acid acetylesterase [Source:HGNC Symbol;Acc:HGNC:18187]
1751,PDE9A,-1.6832044,1.6568193,phosphodiesterase 9A [Source:HGNC Symbol;Acc:HGNC:8795]
1686,KNOP1,-1.8049077,1.5356225,lysine rich nucleolar protein 1 [Source:HGNC Symbol;Acc:HGNC:34404]
1795,IER2,-1.5980082,1.731259,immediate early response 2 [Source:HGNC Symbol;Acc:HGNC:28871]
1776,KLRG1,1.6398796,-1.6730579,killer cell lectin like receptor G1 [Source:HGNC Symbol;Acc:HGNC:6380]
1730,SLC4A11,-1.7252197,1.5882342,solute carrier family 4 member 11 [Source:HGNC Symbol;Acc:HGNC:16438]
1692,LRRC71,-1.7908721,1.519634,leucine rich repeat containing 71 [Source:HGNC Symbol;Acc:HGNC:26556]
1768,SEMA3F,-1.6562027,1.6384559,semaphorin 3F [Source:HGNC Symbol;Acc:HGNC:10728]
1699,TAS1R3,1.780975,-1.5230883,taste 1 receptor member 3 [Source:HGNC Symbol;Acc:HGNC:15661]
1784,TUBA1C,-1.6259295,1.6603447,tubulin alpha 1c [Source:HGNC Symbol;Acc:HGNC:20768]
1797,CGN,-1.5919731,1.6874237,cingulin [Source:HGNC Symbol;Acc:HGNC:17429]
1769,FES,-1.655729,1.6110493,"FES proto-oncogene, tyrosine kinase [Source:HGNC Symbol;Acc:HGNC:3657]"
1704,SECTM1,-1.7691984,1.5005083,secreted and transmembrane 1 [Source:HGNC Symbol;Acc:HGNC:10707]
1719,MSC,-1.740799,1.5186602,musculin [Source:HGNC Symbol;Acc:HGNC:7321]
1747,SMARCD1,-1.6889247,1.5420457,SWI/SNF related BAF chromatin remodeling complex subunit D1 [Source:HGNC Symbol;Acc:HGNC:11106]
1849,PRIM1,-1.5085375,1.6719334,DNA primase subunit 1 [Source:HGNC Symbol;Acc:HGNC:9369]
1850,CADPS2,1.507939,-1.6350653,calcium dependent secretion activator 2 [Source:HGNC Symbol;Acc:HGNC:16018]
1846,PRDM12,1.5150146,-1.5854653,PR/SET domain 12 [Source:HGNC Symbol;Acc:HGNC:13997]
1799,AMER3,-1.5907762,1.5081007,APC membrane recruitment protein 3 [Source:HGNC Symbol;Acc:HGNC:26771]
1818,CCNF,-1.5584137,1.5330839,cyclin F [Source:HGNC Symbol;Acc:HGNC:1591]
1829,GNPNAT1,-1.5373341,1.5372188,glucosamine-phosphate N-acetyltransferase 1 [Source:HGNC Symbol;Acc:HGNC:19980]
1835,ERVV-2,1.5280178,-1.539173,"endogenous retrovirus group V member 2, envelope [Source:HGNC Symbol;Acc:HGNC:39051]"
